-- --------------------------------------------------------
-- 호스트:                          127.0.0.1
-- 서버 버전:                        11.7.2-MariaDB - mariadb.org binary distribution
-- 서버 OS:                        Win64
-- HeidiSQL 버전:                  12.10.0.7000
-- --------------------------------------------------------

/*!40101 SET @OLD_CHARACTER_SET_CLIENT=@@CHARACTER_SET_CLIENT */;
/*!40101 SET NAMES utf8 */;
/*!50503 SET NAMES utf8mb4 */;
/*!40103 SET @OLD_TIME_ZONE=@@TIME_ZONE */;
/*!40103 SET TIME_ZONE='+00:00' */;
/*!40014 SET @OLD_FOREIGN_KEY_CHECKS=@@FOREIGN_KEY_CHECKS, FOREIGN_KEY_CHECKS=0 */;
/*!40101 SET @OLD_SQL_MODE=@@SQL_MODE, SQL_MODE='NO_AUTO_VALUE_ON_ZERO' */;
/*!40111 SET @OLD_SQL_NOTES=@@SQL_NOTES, SQL_NOTES=0 */;


-- ks 데이터베이스 구조 내보내기
CREATE DATABASE IF NOT EXISTS `ks` /*!40100 DEFAULT CHARACTER SET utf8mb4 COLLATE utf8mb4_uca1400_ai_ci */;
USE `ks`;

-- 테이블 ks.computer 구조 내보내기
CREATE TABLE IF NOT EXISTS `computer` (
  `computer_id` int(11) NOT NULL AUTO_INCREMENT COMMENT '컴퓨터 키값',
  `department_id` int(11) NOT NULL COMMENT '부서 키값',
  `computer_place` varchar(30) NOT NULL COMMENT '배치장소',
  `computer_os` varchar(30) DEFAULT NULL COMMENT 'os',
  `computer_ip` varchar(30) DEFAULT NULL COMMENT 'ip',
  `computer_hwp` varchar(30) DEFAULT NULL COMMENT '한글',
  `computer_office` varchar(30) DEFAULT NULL COMMENT '오피스',
  `computer_s1` varchar(20) DEFAULT NULL COMMENT '에스원',
  `computer_alyac` varchar(20) DEFAULT NULL COMMENT '알약',
  `computer_use` varchar(10) DEFAULT NULL COMMENT '용도',
  `computer_model` varchar(40) DEFAULT NULL COMMENT '모델',
  `computer_product_date` date DEFAULT NULL COMMENT '생산년도',
  `computer_chipset` varchar(30) DEFAULT NULL COMMENT '칩셋',
  `computer_cpu` varchar(50) DEFAULT NULL COMMENT 'cpu',
  `computer_memory` varchar(20) DEFAULT NULL COMMENT '메모리',
  `computer_unique` varchar(30) DEFAULT NULL COMMENT '원내고유번호',
  `computer_text` varchar(50) DEFAULT NULL COMMENT '비고',
  `computer_del` varchar(1) DEFAULT NULL COMMENT '폐기 여부 ( Y/N)',
  `computer_del_date` date DEFAULT NULL COMMENT '폐기 날짜',
  `computer_del_text` varchar(50) DEFAULT NULL COMMENT '폐기 사유',
  `del` varchar(1) NOT NULL COMMENT '삭제 플래그 값 / Y or N',
  PRIMARY KEY (`computer_id`),
  KEY `fk_computer_department` (`department_id`),
  CONSTRAINT `fk_computer_department` FOREIGN KEY (`department_id`) REFERENCES `department` (`department_id`)
) ENGINE=InnoDB AUTO_INCREMENT=375 DEFAULT CHARSET=utf8mb4 COLLATE=utf8mb4_uca1400_ai_ci;

-- 테이블 데이터 ks.computer:~373 rows (대략적) 내보내기
INSERT INTO `computer` (`computer_id`, `department_id`, `computer_place`, `computer_os`, `computer_ip`, `computer_hwp`, `computer_office`, `computer_s1`, `computer_alyac`, `computer_use`, `computer_model`, `computer_product_date`, `computer_chipset`, `computer_cpu`, `computer_memory`, `computer_unique`, `computer_text`, `computer_del`, `computer_del_date`, `computer_del_text`, `del`) VALUES
	(1, 51, '관리과 01 (팀장)', 'Win 11 pro', '2184', '한글10', 'excel 10', 'ksfb001@hanmail.net', 'O', '업무용', 'DB501TGA-Z09', '2024-12-01', 'G41', 'Intel(R) Core(TM) i5-14400', '16GB', '', '0 /', 'N', NULL, '', 'N'),
	(2, 51, '관리과 02', 'Win10', '2186', '뷰어 07', '비고 참고', '002', 'X', '업무용', 'DB-A150-PA0H2C', '2011-03-01', 'G41', 'E8400', '4Gb', '', '0 / 기존 프로그램이 아닌 다른 프로그램이 여러개 깔려있음/ ST500DM009', 'N', NULL, '', 'N'),
	(3, 51, '관리과 03', 'Win 7', '2187', '한글10', 'Stater10', '003', 'O', '업무용', 'DB-A150-PA0H2C', '2011-04-01', 'G41', 'E5800', '4Gb', '', '0 / ST500DM002-1BD142', 'N', NULL, '', 'N'),
	(4, 51, '관리과 04', 'Win 7', '2185', 'X', 'Stater10', '004', 'O', '업무용', 'DB-A150-PA0H2C', '2010-08-01', 'G41', 'E5800', '4Gb', '', '0 / HDS721032CLA362', 'N', NULL, '', 'N'),
	(5, 51, '관리과05 인터넷전용', 'Win 7', 'DHCP', '한글 2010', 'Stater10', 'X', 'O/ 통합에이전트 아님', '업무용', 'DB-A150-PA0H2C', '2011-03-01', 'g41', 'q9500', '4Gb', '', '0 / ', 'N', NULL, '', 'N'),
	(6, 51, '관리과 06 (안전관리담당)', 'Win10', '2190', '한글10', 'office10', '293', 'O', '업무용', 'DB-A150-PA0H2C', '2011-04-01', 'G41', 'E5800', '4Gb', '', '0 / SSD', 'N', NULL, '', 'N'),
	(7, 51, '관리과 07 CCTV 감시01', 'Win 7', '2188', 'X', 'X', 'X', 'X', '관리용', 'DB-P400-PC2I3C', '2012-06-01', 'h61', 'G630', '4Gb', '', '0 /', 'N', NULL, '', 'N'),
	(8, 51, '관리과 08 CCTV 감시02 (응급센터)', 'Win 7', '외부망', 'X', 'X', 'X', 'X', '관리용', 'DB-A150-PA0H2C', '2011-04-01', 'G41', 'E5800', '4Gb', '', '0 / ST500DM009-2f110A', 'N', NULL, '', 'N'),
	(9, 51, '에어슈트01', 'Win 7', 'X', 'X', 'X', 'X', 'X', '관리용', 'DB-A150-PA0H2C', '2011-03-01', 'g41', 'E8400', '4Gb', '', '0 / 인터넷선 연결 X', 'N', NULL, '', 'N'),
	(10, 51, '에어슈트02', 'Win 7', 'X', 'X', 'X', 'X', 'X', '관리용', 'DB-A150-PA0H2C', '2011-04-01', 'G41', 'E5800', '4Gb', '', '0 / 인터넷선 연결 X', 'N', NULL, '', 'N'),
	(11, 51, '주차관제', 'win10', '10.7.200.30', 'x', '스토어앱', 'X', 'x', '관리용', 'DB400T8A-Z79/C', '2019-10-01', 'H310', 'G5420', '4Gb', '', '0 /', 'N', NULL, '', 'N'),
	(12, 51, '난방제어 (V200)', 'Win 7', '169.254.1.3', 'x', 'x', 'X', 'x', '관리용', 'DB-A150-PA0H2C', '2011-04-01', 'G41', 'E5800', '4Gb', '', '0 /', 'N', NULL, '', 'N'),
	(13, 52, '종합검진 센터장 (내선9003)', 'Win10 pro', '3020', '한글10', 'office 10', '005', 'x', '업무용', 'DB405T3A-A05G', '2014-11-01', 'H81', 'I3-4130', '8GB', '', '0 /', 'N', NULL, '', 'N'),
	(14, 52, '종합검진 과장 (내선9345)', 'Win10', '3021', '한글10', 'Excel 10', '006', 'O', '업무용', 'DB-P400-PC2I3S', '2012-04-01', 'H61', 'I7-2600', '8GB', '', '0 /', 'N', NULL, '', 'N'),
	(15, 52, '종합검진 차장 (내선9261)', 'Win10', '3022', '한글10', 'office 10', '007', 'X', '업무용', 'HP8100엘리트', '2014-03-01', 'H55', 'I5-760', '8GB', '', 'GPU GTX 745', 'N', NULL, '', 'N'),
	(16, 52, '종합검진 04 내선9302', 'Win 11 pro', '3023', '한글10', 'office 13', '009', 'O', '업무용', 'DB400T6B-G0D/C', '2017-02-01', 'H110', 'G4400', '8GB', '', '0 /', 'N', NULL, '', 'N'),
	(17, 52, '종합검진 05 내선9300', 'Win10 pro', '3029', '한글10', 'Excel 10', '011', 'O', '업무용', 'DB400T6B-A0S/C', '2016-09-01', 'H110', 'G4400', '8GB', '', '0 /', 'N', NULL, '', 'N'),
	(18, 52, '종합검진 06 내선9303', 'Win10 pro', '3026', '뷰어 10', 'Excel 07', '014', 'O', '업무용', 'HP8100 엘리트', '2014-03-01', 'H55', 'I5-760', '8GB', '', '0 /', 'N', NULL, '', 'N'),
	(19, 52, '종합검진 07 내선9100', 'Win10 pro', '3057', '한글10', 'Excel 10', '010', 'O', '업무용', 'DB400T6I3-A0S/C', '2016-09-01', 'H110', 'G4400', '8GB', '', '0 /', 'N', NULL, '', 'N'),
	(20, 52, '종합검진 08 내선9032', 'Win10', '3075', '한글10', 'Excel 10', '012', 'O', '업무용', 'DB400T2A-A58/C', '2013-07-01', 'H61', 'G2020', '8GB', '', '0 / 컴퓨터 많이 느림 / 생산년도 없음 / ST500DM002', 'N', NULL, '', 'N'),
	(21, 52, '종합검진 09 내선9301', 'Win10 pro', '3073', '뷰어10', 'Excel 10', '013', 'O', '업무용', 'DB400T6B-A0S/C', '2016-09-01', 'H110', 'G4400', '8GB', '', '0 /', 'N', NULL, '', 'N'),
	(22, 52, '종합검진 10 내선9264', 'Win10 pro', '3028', '한글10', 'Excel 10', '008', 'X', '업무용', 'DB400T6B-G0D/C', '2017-03-01', 'H110', 'G4400', '8GB', '', '0 /', 'N', NULL, '', 'N'),
	(23, 52, '종합검진 11 내선9263', 'Win10', '3072', '한글10', 'Excel 10', '017', 'O', '업무용', 'DB400T6B-A0S/C', '2016-09-01', 'H110', 'G4400', '8GB', '', '0 /', 'N', NULL, '', 'N'),
	(24, 52, '종합검진 12 내선9305', 'Win10', '3027', 'X', 'Excel 10', '019', 'O', '업무용', 'DB-A150-PA0CJC', '2010-08-01', 'H61', 'G2020', '8GB', '', '0 /', 'N', NULL, '', 'N'),
	(25, 52, '종합검진 13 내선9265', 'Win10', '3024', '한글10', 'Excel 10', '015', 'O', '업무용', 'DB-P400PC2I3S', '2012-06-01', 'H61', 'G630', '8GB', '', '0 /', 'N', NULL, '', 'N'),
	(26, 52, '종합검진 14 내선9262', 'Win10', '3070', '한글10', 'office 10', '016', 'O', '업무용', 'DB-A150PA-0H2C', '2011-04-01', 'G41', 'E5800', '4GB', '', '아이피 다름 3020 -> 3070 / 0', 'N', NULL, '', 'N'),
	(27, 52, '종합검진 15 내선9307', 'Win10', '3071', '한글10', 'Excel 10', '018', 'O', '업무용', 'DB-400T6B-A0S/C', '2016-09-01', 'H110', 'G4400', '4GB', '', '0 / 알약 깔려있는데 작업표시줄에 안보임', 'N', NULL, '', 'N'),
	(28, 52, '종합검진 16 내선9091', 'Win10', '3079', '한글10', 'Excel 10', '025', 'X', '업무용', 'DB-P400-PC2I3C', '2012-06-01', 'H61', 'G630', '8GB', '', '0 / 알약 깔려있는데 안보임', 'N', NULL, '', 'N'),
	(29, 52, '종합검진 17 내선9188', 'Win10', '3031', '한글10', 'Excel 10', '021', 'O', '업무용', 'DB400T2A-C8B/C', '2013-03-01', 'H81', 'G3240', '8GB', '', '0 /', 'N', NULL, '', 'N'),
	(30, 52, '종합검진 18 내선9189', 'Win10', '3032', '한글10', 'Excel 10', '022', 'O', '업무용', 'DB-A150-PA0H2C', '2011-03-01', 'H61', 'G2020', '8GB', '', '0 /', 'N', NULL, '', 'N'),
	(31, 52, '종합검진 결과처리 01', 'Win10', '3064', '한글10', 'office10', '070', 'O', '업무용', 'DMV75B/N160G', '2009-03-01', 'G41', 'E5800', '4GB', '', '0 / ST500DM002-1SB10A', 'N', NULL, '', 'N'),
	(32, 52, '종합검진 결과처리 02', 'Win10', '3063', 'x', 'excel 10', '069', 'O', '업무용', 'DB-A150-PA0H2C', '2011-04-01', 'G41', 'E5800', '4GB', '', '0 / ssd', 'N', NULL, '', 'N'),
	(33, 52, '종합검진 결과처리 03', 'Win10', '3062', '뷰어10', 'excel 10', '068', 'O', '업무용', 'DB-A150-PA0H2C', '2011-04-01', 'G41', 'E7500', '4GB', '', '0 / ssd', 'N', NULL, '', 'N'),
	(34, 52, '종합검진 결과처리 04', 'Win10', '3061', '한글10', 'office10', '067', 'X', '업무용', 'DB-400T2A-C8B/C', '2013-03-01', 'H61', 'G2020', '6GB', '', '0 / ssd', 'N', NULL, '', 'N'),
	(35, 52, '종합검진 결과처리 05', 'Win10', '3030', '한글10', 'Excel 10', '020', 'O', '업무용', 'DB400T6B-A0SIC', '2016-09-01', 'H61', 'G630', '8GB', '', '0 / ', 'N', NULL, '', 'N'),
	(36, 52, '종합검진 결과처리 06', 'Win10', '3077', '한글10', 'Excel10', '023', 'O', '업무용', 'DB400TNB-Z2R/C', '2018-07-01', 'H110', 'G4560', '8GB', '', '0 / hdd', 'N', NULL, '', 'N'),
	(37, 52, '종합검진 결과처리 07', 'Win10', '3078', '한글10', 'Excel10', '024', 'O', '업무용', 'DB-D400-PC2135', '2012-06-01', 'H61', 'G630', '8GB', '', '0 / HD', 'N', NULL, '', 'N'),
	(38, 52, '접수 01', 'win10', '3036', 'x', 'x', '029', 'O', '업무용', 'DB400T2A-C8B/C', '2013-03-01', 'H61', 'G2020', '8GB', '', '문진용 테블릿 * 4 / 에스원 이름 접수 04 / 0', 'N', NULL, '', 'N'),
	(39, 52, '접수 02', 'win 11 pro', '3035', '한글10', 'office 2010', '028', 'O', '업무용', 'DM501TGA-Z09/C', '2024-11-01', 'H670', 'i5-14400', '8Gb', '', '0 / 에스원 이름 접수03', 'N', NULL, '', 'N'),
	(40, 52, '접수 03', 'Win10', '3034', '한글10', 'x', '027', 'x', '업무용', 'DB400T2A-A3I4S', '2014-08-01', 'H61', 'I3-3220', '8Gb', '', '에스원 이름 접수02 / 0', 'N', NULL, '', 'N'),
	(41, 52, '접수 04', 'Win 10', '3033', 'x', 'Stater10', '026', 'x', '업무용', 'DB400T2A-C8B/C', '2013-03-01', 'H61', 'G2020', '8Gb', '', '에스원 접수01 / 0', 'N', NULL, '', 'N'),
	(42, 52, '탈의실인포 01', 'Win10', '3037', 'x', 'office 2010', '030', 'O', '업무용', 'DB400T2A-C8B/C', '2013-03-01', 'H61', 'G2020', '8GB', '', '에스원 탈의 담당자01 / 0', 'N', NULL, '', 'N'),
	(43, 52, '탈의실인포 02', 'Win10', '3018', 'x', 'MS 2013', '031', 'O', '업무용', 'HP Compaq 8000 Elite', '2012-06-01', 'h61', 'E8400', '4Gb', '', '에스원 안바껴 있음 100 응급 의료진으로 되있음 /  생산년도 안보임 / 0', 'N', NULL, '', 'N'),
	(44, 52, '종합검진 탈의접수01', 'win 11 pro', '3068', 'x', 'office10', '295', 'O', '업무용', 'DB400T8A-Z5T/C', '2019-01-01', 'H310', 'G5400', '4Gb', '19-0028', '에스원 이름 외부상담실 01 / 0', 'N', NULL, '', 'N'),
	(45, 52, '종합검진 탈의접수02', 'win 11 pro', '3069', 'x', 'x', '296', 'O', '업무용', 'DB400T8A-Z5T/C', '2019-01-01', 'H310', 'G5400', '4Gb', '', '', 'N', NULL, '팝업 이름  탈의실 INFO01 / 0', 'N'),
	(46, 54, '초음파 판독실 01', 'Win10 pro', '1190', 'x', 'x', '059', 'x', '간호용', 'DELL PC', '2017-03-01', '9hw54', 'E3-1245V5', '8GB', '', '0 / DT01ACA050', 'N', NULL, '', 'N'),
	(47, 52, '간호데스크 부인과', 'Win10', '3044', '한글10', 'Excel10', '037', 'O', '간호용', 'DB-A150-PA0H2C', '2011-03-01', 'G41', 'E5800', '4Gb', '', '알약 실행 안보임 깔려있는데 / 0', 'N', NULL, '', 'N'),
	(48, 52, '간호데스크 문진 인포 01', 'Win10', '3045', 'x', 'x', '038', 'x', '간호용', 'DB400T2A-CBB/C', '2013-03-01', 'H61', 'G2020', '8GB', '', '문진인포 양은경 9306 / 0', 'N', NULL, '', 'N'),
	(49, 52, '간호데스크 문진 인포 02', 'Win10', '3076', 'x', 'x', '039', 'x', '간호용', 'DB400T2A-CBB/C', '2013-03-01', 'h61', 'G2020', '4gb', '', '문진인포 김현화과장  9306 / 0', 'N', NULL, '', 'N'),
	(50, 52, '채혈실 01', 'Win10', '3054', 'x', 'x', '040', 'x', '업무용', 'DB-A150-PA0H2C', '2011-04-01', 'G41', 'E5800', '4gb', '', '채혈실 03 / 0', 'N', NULL, '', 'N'),
	(51, 52, '채혈실 02', 'Win 7', '3055', 'x', 'x', '041', 'x', '업무용', 'DB-A150-PA0H2C', '2011-04-01', 'G41', 'E5800', '4gb', '', '0 /', 'N', NULL, '', 'N'),
	(52, 52, '채혈실 03', 'Win 7', '3056', 'x', 'Stater10', '328', 'x', '업무용', 'DB-A150-PA0H2C', '2011-04-01', 'G41', 'E5800', '8gb', '', '채혈실 01 에스원 미로그인 / 0', 'N', NULL, '', 'N'),
	(53, 52, '심전도실 01', 'Win 7', '3052', 'x', 'office starter 2010', '042', 'x', '검사용', 'DB-A150-PA0H2C', '2011-04-01', 'G41', 'E8400', '4gb', '', '0 /', 'N', NULL, '', 'N'),
	(54, 52, '심전도실 02', 'Win10', '3053', 'x', 'x', '043', 'x', '검사용', 'DB-A150-PA0H2C', '2011-03-01', 'G41', 'E5800', '4gb', '', '0 /', 'N', NULL, '', 'N'),
	(55, 52, '폐기능 검사실', 'Win10 pro', '3074', 'x', 'office 10', '063', 'O', '검사용', 'DB400T6B-G0D/C', '2017-02-01', 'H110', 'G4400', '4gb', '', '0 / ssd', 'N', NULL, '', 'N'),
	(56, 52, '청력검사01', 'Win 7', '3100', 'x', 'Stater 10', '330', 'x', '검사용', 'DB-A150-PA0H2C', '2011-03-01', 'G41', 'E5800', '4gb', '', '0 / ST500DM002-1SB10A', 'N', NULL, '', 'N'),
	(57, 52, '청력검사02', 'Win 7', '3101', 'x', 'Stater 10', '330', 'x', '검사용', 'PM-v200-pa17', '2010-09-01', 'g41', 'e7500', '2gb', '', '0 / ST500DM002-1AB10A', 'N', NULL, '', 'N'),
	(58, 52, '신체계측실', 'Win10', '', '', '', 'X', '', '검사용', 'DB-P400-PC2I3S', '2012-06-01', 'H61', 'G2020', '8GB', '', '', 'N', NULL, '', 'N'),
	(59, 52, '안져촬영검사실', 'Win 7', '1060', 'x', 'x', 'X', 'O', '검사용', 'DB400T7B-Z2R/C', '2018-05-01', 'H110', 'G4400', '4Gb', '', '0 / DT01ACA100', 'N', NULL, '', 'N'),
	(60, 52, '동맥경화', 'Win 7', '1065', 'x', 'x', 'X', 'X', '검사용', 'DB-A150-PA0H2C', '2011-03-01', 'G41', 'E5800', '4gb', '', '0 / ST3500413AS', 'N', NULL, '', 'N'),
	(61, 52, '스트레스검사실', 'Win 7', '3059', 'x', 'x', 'X', 'X', '검사용', 'DB400TNB-Z2R/C', '2017-02-01', 'H110', 'G4400', '4gb', '', '0 / ST500DM002-1BD142', 'N', NULL, '', 'N'),
	(62, 52, '체성분검사실', 'Win 7', '1061', 'x', 'Stater 10', 'X', 'O', '검사용', 'DB-A150-PA0H2C', '2011-03-01', 'G41', 'E5800', '4gb', '', '0 / HDS721050CLA362', 'N', NULL, '', 'N'),
	(63, 52, '진료실 직업환경의학과 01', 'Win10', '3040', '한글10', 'office10', '058', 'O', '진료용', 'HP elite Desk 800', '2017-01-01', 'H81', 'I5-4670', '8GB', '', 'GTX650 / 0', 'N', NULL, '', 'N'),
	(64, 52, '진료실 직업환경의학과 02', 'Win 11', '3014', '한글10', 'ofiice10', '362', 'O', '진료용', 'DB400TFA-Z5D/C', '2024-01-01', 'H670', 'I5-134000', '8GB', '', '0 /', 'N', NULL, '', 'N'),
	(65, 52, '진료실 부인과', 'Win10 pro', '3039', '한글10', 'Excel 10', '051', 'O', '진료용', 'DB400T6B-G0D/C', '2017-02-01', 'H110', 'G4400', '4GB', '', '0 / ssd', 'N', NULL, '', 'N'),
	(66, 52, '진료실 내과01(내시경) 이현주 원장', 'Win10 pro', '3016', '한글10', 'Excel 10', '055', 'O', '진료용', 'DB400T7A-Z14/C', '2018-11-01', 'H110', 'G4560', '8GB', '', '0 / ssd', 'N', NULL, '', 'N'),
	(67, 52, '진료실 내과02(내시경) 강은미 원장', 'Win10 pro', '3017', '한글10', 'Excel 10', '053', 'O', '진료용', 'DB400T7A-Z14/C', '2018-11-01', 'H110', 'G4560', '8GB', '', '0 / PX-256M7VC', 'N', NULL, '', 'N'),
	(68, 52, '진료실 가정의학01(내시경) 이건용 원장', 'Win10 pro', '3015', '한글10', 'Excel 10', '054', 'O', '진료용', 'DB400T7A-Z14/C', '2018-12-01', 'H110', 'G4560', '8GB', '', '0 / ssd', 'N', NULL, '', 'N'),
	(69, 52, '진료실 가정의학02(내시경) 고경남 원장', 'Win10 pro', '3019', '한글10', 'Excel 10', '052', 'O', '진료용', 'DB400T7A-Z14/C', '2018-11-01', 'H110', 'G4560', '8GB', '', '0 / ssd', 'N', NULL, '', 'N'),
	(70, 52, '진료실 진단검사', 'Win10 pro', '3042', '한글10', 'office 10', '056', 'O', '진료용', 'DB400T6B-G0D/C', '2018-11-01', 'H110', 'G4560', '8GB', '', '0 /', 'N', NULL, '', 'N'),
	(71, 52, '진료실 가정의학과', 'Win 11 pro', '3041', '한글10', 'Excel 13', '062', 'O', '진료용', 'DB400T6B-G0D/C', '2017-02-01', 'H110', 'G4400', '8GB', '', '0 / ssd', 'N', NULL, '', 'N'),
	(72, 52, '진료실 문진 05', 'Win 10 pro', '3043', '한글10', 'office 10', '057', 'O', '진료용', 'DELL T3600', '2017-09-01', '', 'Xeon E3-1225', '8GB', '', 'GTX 650 / 0', 'N', NULL, '', 'N'),
	(73, 52, '진료실 판독의 04', 'win 10', '?', '', '', '?', '', '진료용', 'Dell precision tower 3620', '2017-03-01', '', '', '', '', 'GPU GTX750TI, RA1000', 'N', NULL, '', 'Y'),
	(74, 52, '진료실 판독의 05', 'win 10', '?', '', '', '?', '', '진료용', 'Dell precision tower 3620', '2016-06-01', '', '', '', '', 'GPU WX5100, RA1000', 'N', NULL, '', 'Y'),
	(75, 52, '진료실 판독의 06', 'win 10', '?', '', '', '?', '', '진료용', 'Dell precision tower 3620', '2016-06-01', '', '', '', '', 'GPU GT610, RA1000', 'N', NULL, '', 'Y'),
	(76, 52, '내시경실 간호데스크 01', 'Win 10', '3046', '한글 10', 'office 10', '064', 'O', '간호용', 'DB400T2A-C8B/C', '2013-03-01', 'H61', 'G2020', '8GB', '', '0 / DT01ACA050', 'N', NULL, '', 'N'),
	(77, 52, '내시경실 간호데스크 02', 'Win 10', '3047', 'x', 'x', '065', 'O', '간호용', 'DB400T2A-A3I4S', '2014-09-01', 'h61', 'i3-3220', '8Gb', '', '0 / WD5000AAKX-08U6AA0', 'N', NULL, '', 'N'),
	(78, 52, '내시경실 의료진데스크 01', 'Win 10 pro', '3060', '한글 10', 'Excel 10', '066', 'O', '진료용', 'DB400T9A-Z0D/C', '2019-10-01', 'H310', 'G5420', '8Gb', '', '0 / ssd', 'N', NULL, '', 'N'),
	(79, 52, '내시경실 판독02', 'Win 10', '3106', 'x', 'x', '314', 'O', '진료용', 'MSI 일체형(24`)', '2021-01-01', '', 'I3-10110U', '16GB', '', '0 / ssd', 'N', NULL, '', 'N'),
	(80, 52, '내시경실 판독03', 'Win 10', '3107', 'x', 'x', '316', 'O', '진료용', 'MSI 일체형(24`)', '2021-01-01', '', 'I3-10110U', '16GB', '', '0 / ssd', 'N', NULL, '', 'N'),
	(81, 52, '내시경실 판독04', 'Win 11', '3108', 'x', 'x', '317', 'O', '진료용', 'MSI 일체형(24`)', '2021-01-01', '', 'I3-10110U', '16GB', '', '0 / ssd', 'N', NULL, '', 'N'),
	(82, 52, '내시경실 판독05', 'Win 11', '3109', 'x', 'x', '318', 'O', '진료용', 'MSI 일체형(24`)', '2021-01-01', '', 'I3-10110U', '8Gb', '', '0 / ssd', 'N', NULL, '', 'N'),
	(83, 52, 'Olympus Gate Way 01', 'Win 7', '1028', 'x', 'x', 'X', 'O', '검사용', '', '2020-01-01', 'H110', 'G4400', '4Gb', '', '내시경캡쳐PC', 'N', NULL, '', 'N'),
	(84, 52, 'Olympus Gate Way 02', 'Win 10', '1034', 'x', 'x', 'X', 'X', '검사용', '500TDA', '2022-01-01', 'H510', 'I3-10105', '8Gb', '', '내시경캡쳐PC', 'N', NULL, '', 'N'),
	(85, 52, 'Olympus Gate Way 03', 'Win 7', '1038', 'x', 'x', 'X', 'O', '검사용', '', '2020-01-01', 'H110', 'G4400', '4Gb', '', '내시경캡쳐PC', 'N', NULL, '', 'N'),
	(86, 52, 'Olympus Gate Way 04', 'Win10', '1037', 'x', 'x', 'X', 'X', '검사용', '', '2021-01-01', 'H310', 'G5420', '8Gb', '', '내시경캡쳐PC', 'N', NULL, '', 'N'),
	(87, 52, 'Olympus Gate Way 05', 'Win 7', '1035', 'x', 'x', 'X', 'O', '검사용', '', '2011-01-01', 'G41', 'E5800', '4Gb', '', '내시경캡쳐PC', 'N', NULL, '', 'N'),
	(88, 54, '영상 접수대', 'Win 7', '3025', '뷰어 2010', 'starter 2010', 'X', 'x', '검사용', 'DB-A150-PAODCR', '2010-09-01', 'G41', 'E5800', '4gb', '', 'RA1000 / 0', 'N', NULL, '', 'N'),
	(89, 54, 'X-Ray 접수', 'Win 10 pro', '3051', 'x', 'x', '071', 'x', '검사용', 'DB400T9A-ZOD/C', '2019-10-01', 'H310', 'G5420', '8GB', '', 'RA1000 / 0 / ssd', 'N', NULL, '', 'N'),
	(90, 54, 'X-Ray GW', 'Win 7', '3049', 'x', 'x', 'X', 'x', '검사용', 'DKWA0439', '2016-11-01', 'H81', 'I5 - 4460', '4GB', '', '0 / ST1000DM010-2EP102', 'N', NULL, '', 'N'),
	(91, 54, 'MAMMO 안내', 'win 7', '2214', 'x', 'x', 'x', 'x', '검사용', 'DB400T3A-ABZ/C', '2014-11-01', 'G41', 'E5800', '4GB', '', '0 / HD322GJ', 'N', NULL, '', 'N'),
	(92, 54, 'MAMMO GW', 'Win 7', '1129', 'x', 'x', 'X', 'x', '검사용', 'Hp prodesk400', '2017-11-01', 'H110', 'i5 - 6500', '8GB', '', '', 'N', NULL, '', 'N'),
	(93, 54, '골밀도검사실', 'Win 10', '1120', 'x', 'x', 'X', 'x', '검사용', 'DB400T7A-Z13/C', '2018-04-01', 'H110', 'G4560', '4Gb', '', '0 / ST500DM009-2F110A', 'N', NULL, '', 'N'),
	(94, 52, '원목실 (종교실)', 'Win 10', '192.168.200.130', '한글10', 'office 10', 'X', 'x', '업무용', 'TG 컴퓨터', '2011-01-01', 'H55', 'i3 - 550', '8GB', '', '', 'N', NULL, '', 'N'),
	(95, 18, '전산실A (Z230)', 'Win10', '2001', '한글10', 'office 13', '9245', 'O', '업무용', 'HP Z230(D1P34AV)', '2015-01-01', 'C226', 'Xeon E3-1281', '24G', '', '', 'N', NULL, '', 'N'),
	(96, 18, '전산실B (HP)', 'Win10', '2003', '한글10', 'office 16', '9246', 'O', '업무용', '', '2021-01-01', '', 'Ryzen5600G', '16Gb', '', '', 'N', NULL, '', 'N'),
	(97, 18, '전산실C (Z4)', 'Win10', '2004', '한글10', 'office 10', '9247', 'O', '업무용', 'HP G4 Z4', '2019-10-01', 'c442', 'xeon w-2133', '48GB', '', '', 'N', NULL, '', 'N'),
	(98, 8, '진료실 정형외과 01', 'win 10 pro', '2015', '한글 2010', 'excel 2010', '118', 'O', '진료용', 'DB400T8A-Z5T/C', '2019-05-01', '', 'G5400', '8G', '', '0 / PX-256M7VC', 'N', NULL, '', 'N'),
	(99, 8, '진료실 정형외과 02', 'Win10 pro', '2042', '한글 2010', 'office 2010', '120', 'O', '진료용', 'DB400TCA-Y37/C', '2022-01-01', 'H510', 'G6400', '8Gb', '', 'RA1000 / 0', 'N', NULL, '', 'N'),
	(100, 8, '진료실 정형외과 03', 'Win 10 pro', '2039', '한글 2010', 'office 2010', '299', 'O', '진료용', 'DB400T7A-Z14/C', '2018-11-01', 'H110', 'G4560', '8Gb', '', 'RA1000 / 0', 'N', NULL, '', 'N'),
	(101, 64, '진료실 재활의학과', 'Win 10 pro', '2017', '한글 10', 'office 10', '119', 'O', '진료용', 'DB400T7A-Z14/C', '2018-11-01', 'H110', 'i5-6600k', '32Gb', '', 'RA1000 / 0 / 사비로 업그레이드 램 , cpu ', 'N', '2018-11-01', '', 'N'),
	(102, 12, '진료실 신경외과 01', 'win10 pro', '2019', '한글 10', 'office 2016', '121', 'O', '진료용', 'DB4000T7B-Z2R/C', '2018-01-01', '', 'g4400', '8g', '', '0 /', 'N', NULL, '', 'N'),
	(103, 12, '진료실 신경외과 02', 'win 11 pro', '2037', '한글 2010', 'office 2010', '122', 'O', '진료용', 'DB400T9A-Z0D/C', '2019-10-01', 'H310', 'G5420', '16Gb', '', '0 / 알약 삭제가 안됌 재설치 요망 / 사비로 램 8G 설치', 'N', NULL, '', 'N'),
	(104, 8, '간호데스크 정형외과 01', 'Win 11 Pro', '2149', 'x', 'x', '126', 'O', '간호용', 'DB-A150-PA0H2C', '2024-08-01', 'H670', 'I5-14400', '8G', '', '0 /', 'N', NULL, '', 'N'),
	(105, 8, '간호데스크 정형외과 02', 'Win 10', '2141', '한글 10', 'Excel 10', '128', 'O', '간호용', 'DB-A150-PA0H2C', '2011-04-01', 'G41', 'E5800', '4Gb', '', '0 / DH16ABS', 'N', NULL, '', 'N'),
	(106, 8, '간호데스크 정형외과 03', 'Win 7', '2146', '뷰어 10', 'Stater 10', '300', 'X', '간호용', 'DB-A150-PA0H2C', '2011-04-01', 'G41', 'E5800', '4Gb', '', '0 / DH16ABS', 'N', NULL, '', 'N'),
	(107, 64, '간호데스크 재활의학과 01', 'Win 10', '2193', 'x', 'office 2010', '127', 'O', '간호용', 'DB-A150-PA0H2C', '2010-10-01', 'G41', 'E8400', '4Gb', '', '0 / DH16ABS', 'N', NULL, '', 'N'),
	(108, 12, '간호데스크 신경외과 01', 'Win 10', '2144', '한글 10', 'x', '129', 'X', '간호용', 'DB-A150-PA0H2C', '2011-04-01', 'G41', 'E5800', '4Gb', '', '0 / 에스원 3개 미설치', 'N', NULL, '', 'N'),
	(109, 12, '간호데스크 신경외과 02', 'Win 11 pro', '2191', 'x', 'office 2016', '130', 'O', '간호용', 'DM501TGA-Z09/C', '2024-08-01', 'H670', 'i5-14400', '8Gb', '', '0 /', 'N', NULL, '', 'N'),
	(110, 13, '주사실 01', 'Win 11 pro', '2229', '한글 10', 'excel 10', '132', 'O', '간호용', 'DM501TGA-Z09/C', '2024-12-01', 'G41', 'i5-14400', '16Gb', '', '0 /', 'N', NULL, '', 'N'),
	(111, 13, '주사실 02', 'Win 10', '2230', '뷰어 10', 'x', '133', 'O', '간호용', 'DB400T2A-C8B/C', '2013-01-01', 'H61', 'G2020', '8GB', '', '0 /', 'N', NULL, '', 'N'),
	(112, 7, '감염관리 01 (내부)', 'win 11 pro', '3096', '한글 10', 'office 10', '076', 'O', '업무용', 'DM501TGA-Z09/C', '2024-12-01', 'G41', 'i5-14400', '16Gb', '', '0 /', 'N', NULL, '', 'N'),
	(113, 7, '감염관리 02 (내부)', 'win 10 pro', '3097', '한글10', 'office 10', '079', 'O', '업무용', 'hp 8100', '2011-01-01', 'h55', 'i5-760', '8Gb', '', 'GPU Quadro1700 / ssd / 0', 'N', NULL, '', 'N'),
	(114, 11, '진료협력 01 (내부)', 'win 10 pro', '3095', '한글10', 'office 07', '077', 'O', '업무용', 'DA-400T6B-G0D/C', '2017-05-01', 'H110', 'G4400', '8Gb', '', '0 /', 'N', NULL, '', 'N'),
	(115, 11, '진료협력 02 (내부)', 'win 11 pro', '2232', '한글 14', 'office 10', '321', 'O', '업무용', 'DM501TGA-Z09/C', '2025-02-01', 'G41', 'i5-14400', '16Gb', '', '0 /', 'N', NULL, '', 'N'),
	(116, 5, '원무과 사무실 원무과장', 'win 10 pro', '3111', '한글 10', 'Excel 10', '080', 'O', '업무용', 'HP PC', '2017-09-01', 'H81', 'i5 - 4670', '8GB', '', '0 /', 'N', NULL, '', 'N'),
	(117, 5, '원무과 사무실 산재', 'Win 11 Pro', '3113', '한글 2014', 'Excel 2013', '081', 'O', '업무용', 'DM500TGA', '2024-05-01', 'H670', 'I5-14400', '8Gb', '', '에스원 업무용 메신저 확인 필요 / 0', 'N', NULL, '', 'N'),
	(118, 5, '원무과 사무실 자보', 'win 10 pro', '3112', '한글 10', 'office 07', '082', 'O', '업무용', 'DB400T7B-Z2R/C', '2018-01-01', 'H110', 'G4400', '8GB', '', '0 /', 'N', NULL, '', 'N'),
	(119, 5, '원무과 사무실 행정', 'win 10', '3115', '한글 10', 'office 13', '360', 'O', '업무용', 'DB400T2A-C8B/C', '2013-03-01', 'h61', 'I7-2600', '8Gb', '', '0 /', 'N', NULL, '', 'N'),
	(120, 5, '원무과 사무실 의무기록사', 'Win 10', '3114', '한글10', 'office 16', '292', 'O', '업무용', 'DB400T2A-C2I5S', '2013-02-01', 'H61', 'i3-3220', '8Gb', '', '송이 / 0 / ssd', 'N', NULL, '', 'N'),
	(121, 5, '접수수납 01 9046', 'Win10', '3121', 'x', 'x', '083', 'O', '업무용', 'DB400T2-A314S', '2014-09-01', 'H61', 'i5-2500', '8Gb', '', '0 /', 'N', NULL, '', 'N'),
	(122, 5, '접수수납 02 9045', 'win 10 pro', '3122', 'x', 'x', '084', 'O', '업무용', 'DB400T6I3-A0S/C', '2016-09-01', 'H110', 'G4400', '4gb', '', '0 /', 'N', NULL, '', 'N'),
	(123, 5, '접수수납 03 9044', 'win 7', '3123', 'x', 'Stater 10', '085', 'O', '업무용', 'HP PC', '2014-04-01', 'G41', 'e6700', '4gb', '', 'MUSE Client(회수 예정) / 0', 'N', NULL, '', 'N'),
	(124, 5, '접수수납 04 9043', 'Win 10', '3124', '한글 2014', 'excel 2013', '086', 'O', '업무용', 'DB-A150-PA0H2C', '2011-03-01', 'H110', 'G4400', '8GB', '', '0 /', 'N', NULL, '', 'N'),
	(125, 5, '접수수납 05 9042', 'win 7', '3125', '한글 10', 'Stater 10', '087', 'O', '업무용', 'DB400T2A-C8B/C', '2013-03-01', 'h61', 'i3-3220', '8GB', '', '0 / CT120BX500SSD1', 'N', NULL, '', 'N'),
	(126, 5, '접수수납 06 9041', 'win10', '3126', 'x', 'x', '088', 'O', '업무용', 'DB400T2A-C8B/C', '2012-06-01', 'H61', 'G630', '10GB', '', '에스원 서비스 설치 / 0 /ST3320418AS', 'N', NULL, '', 'N'),
	(127, 5, '접수수납 07', 'Win 7', '3098', '한글 10', 'Stater 10', '078', 'O', '업무용', 'DB-P400-PC2I4S', '2012-03-01', 'H61', 'G850', '6Gb', '', '0 / ssd', 'N', NULL, '', 'N'),
	(128, 5, '안내데스크', 'Win10', '2092', '한글 10', 'Stater 10', '135', 'O', '업무용', 'DB-A150-PA0H2C', '2011-03-01', 'G41', 'E5800', '4GB', '', '0 / hhd', 'N', NULL, '', 'N'),
	(129, 56, '사전연명치료', 'Win10', '2161', '한컴뷰어', 'Stater 10', '347', 'O', '업무용', 'DB-A150-PA0H2C', '2011-03-01', 'G41', 'E5800', '4GB', '', '', 'N', NULL, '', 'N'),
	(130, 56, '간호부 회의실', 'Win 10', '2083', '한글 10', 'office 10', '262', 'O', '업무용', 'Dell OPTIPLEX 7010', '2013-10-01', '', 'I3-3220', '8GB', '', 'GPU  GT610', 'N', NULL, '', 'N'),
	(131, 9, '약제과 약사 01', 'WIN 11 pro', '2111', '한글10', 'office 13', '089', 'O', '업무용', 'DB400TCA-Y3N/C', '2020-01-01', 'H510', 'G6400', '8GB', '', '에스원 확인 필요 2개 / 0', 'N', NULL, '', 'N'),
	(132, 9, '약제과 약사 02', 'WIN 10', '2113', 'x', 'Excel 07', '090', 'O', '업무용', 'DB400T7B-Z2R/C', '2017-12-01', 'H310', 'G4400', '8GB', '', '0 /', 'N', NULL, '', 'N'),
	(133, 9, '약제과 조제 01 (반납)', 'WIN 7', '2110', 'X', 'starter 10', '091', 'X', '업무용', 'LUCOMS MINI PC', '2014-01-01', 'h81h3-i', 'I3-4160T', '4GB', '', '0 /', 'N', NULL, '', 'N'),
	(134, 9, '약제과 조제 02 (복약)', 'WIN 10', '2109', '한글 10', 'office 2010', '092', 'O', '업무용', 'LUCOMS MINI PC', '2014-01-01', 'h81h3-i', 'I3-4160T', '4GB', '', '0 /', 'N', NULL, '', 'N'),
	(135, 9, '약포장(신) 데스크탑', 'Win 7', '1111', 'x', 'starter10', 'X', 'O', '업무용', 'DB400T2A-C8B/C', '2013-03-01', 'H61', 'G2020', '4GB', '', '0 / ST500DM002 검색', 'N', NULL, '', 'N'),
	(136, 4, '일반촬영실 01 (접수)', 'Win10', '2215', 'x', 'x', '114', 'o', '검사용', 'DB400T84-z5t/c', '2019-07-01', 'H310', 'G5400', '8gb', '', 'RA1000, RA600 / 0', 'N', NULL, '', 'N'),
	(137, 4, '일반촬영실 02 (CT실)', 'Win10', '2105', '한글10', 'Excel07', '115', 'x', '검사용', 'DB400T9A20D/C', '2019-10-01', 'H310', 'G5420', '8gb', '', 'RA1000, RA600 / 0', 'N', NULL, '', 'N'),
	(138, 4, '일반촬영실 03 (X-ray)', 'Win10', '2213', 'x', 'x', '116', 'x', '검사용', 'DB-A150-PA0H2C', '2011-03-01', 'G41', 'E5800', '4Gb', '', 'RA1000, RnD Uploader/ 0 / DH16ABS', 'N', NULL, '', 'N'),
	(139, 4, 'MRI실', 'Win 7', '2219', '한글10', 'Stater 10', '117', 'x', '검사용', 'DB-A150-PA0H2C', '2011-04-01', 'G41', 'E5800', '4gb', '', '0 /', 'N', NULL, '', 'N'),
	(140, 4, 'X-Ray GW', '', '1110', 'x', 'x', 'X', 'x', '검사용', 'DB-A150-PA0H2C', '2010-02-01', 'G41', 'E5800', '', '', '장비용 / 0 ', 'N', NULL, '', 'N'),
	(141, 5, '원무과 접수 야간 1', 'win10', '3140', '한글2010', 'Office 2007', '094', '', '업무용', 'DB-A150-PA0H2C', '2011-01-01', 'H81', 'G3240', '8GB', '', '0 /', 'N', NULL, '', 'N'),
	(142, 5, '원무과 접수 야간 2', 'Win 10', '3228', '한글 10', 'excel 07', '320', 'O', '업무용', 'DB400T2A-A3I4S', '2014-09-01', 'h61', 'G2020', '8GB', '', 'ssd / 0', 'N', NULL, '', 'N'),
	(143, 55, '응급센터 영상의학과 X-ray 접수', 'Win10 pro', '3156', 'x', 'x', 'ksfb3156@hanmail.net', 'O', '검사용', 'DB400TCA-Y37/C', '2017-11-01', 'H510', 'G6400', '8Gb', '', 'RnD Uploader/ 0', 'N', NULL, '', 'N'),
	(144, 55, '응급센터 영상의학과 CT 접수', 'Win10', '3157', '한글10', 'office 10', '106', 'X', '검사용', 'DB400T7B-Z2R/C', '2017-11-01', 'H110', 'G4400', '8Gb', '', 'RA1000, RA600 / 0', 'N', NULL, '', 'N'),
	(145, 55, '응급센터 영상의학과 MRI 접수', 'Win 11 PRO', '3158', '10', '13', '107', 'O', '검사용', 'DB400T8A-Z20BB', '2018-07-01', 'H310', 'G5400', '4Gb', '', 'RA1000 / 0', 'N', NULL, '', 'N'),
	(146, 55, '응급센터 영상의학과 당직실', 'Win 7', '', '10', '10', 'X', 'x', '검사용', 'Hpcompaq dx7400', '2019-09-01', '', '', '', '', 'ip 설정 자동 / 사용 거의 안함 / 0', 'N', NULL, '', 'N'),
	(147, 50, '응급센터 간호데스크 04', 'Win 7', '3163', 'x', 'Stater 10', '098', 'X', '간호용', 'DB-A150-PA0H2C', '2011-05-01', 'G41', 'E5800', '4Gb', '', 'ST500MD / 0', 'N', NULL, '', 'N'),
	(148, 50, '응급센터 간호데스크 01', 'Win 10', '3160', '한글 10', 'office 10', '095', 'O', '간호용', 'DB400T2A-C37/R', '2013-01-01', 'H61', 'I7-2600', '8Gb', '', 'CT102BX500SSD1 / 0', 'N', NULL, '', 'N'),
	(149, 50, '응급센터 간호데스크 03', 'Win 10', '3162', 'x', '뷰어', '097', 'O', '간호용', 'DB400T2A-C8B/C', '2013-01-01', 'H61', 'I7-2600', '8Gb', '', 'ssd / 0', 'N', NULL, '', 'N'),
	(150, 50, '응급센터 간호데스크 02', 'Win 7', '3161', 'x', 'Stater 10', '096', 'X', '간호용', 'DB-A150-PA0H2C', '2011-03-01', 'G41', 'E5800', '4Gb', '', '0 / ST500MD009', 'N', NULL, '', 'N'),
	(151, 50, '응급센터 의료진 03', 'Win 11 pro', '3165', '뷰어 10', 'offce13', '100', 'O', '진료용', 'DM500TGA', '2024-11-01', 'H670', 'i5-14400', '8GB', '', '0 /', 'N', NULL, '', 'N'),
	(152, 50, '응급센터 의료진 02', 'Win 11 pro', '3167', 'x', 'office 2016', '102', 'X', '진료용', 'DM501TGA-Z09/C', '2024-08-01', 'H670', 'I5-14400', '8Gb', '', '0 /', 'N', NULL, '', 'N'),
	(153, 50, '응급센터 의료진 01', 'Win 11 pro', '3164', '한글 10', 'office13', '099', 'X', '진료용', 'DM500TGA-Z09/C', '2024-08-01', 'H670', 'I5-14400', '8GB', '', '0 /', 'N', NULL, '', 'N'),
	(154, 50, '응급센터 당직실 (의료진)', 'Win 10', '3168', '한글 10', 'office 10', '103', 'O', '진료용', 'DB400T6B-G0D/C', '2017-02-01', 'H110', 'G4400', '8Gb', '', '0 /', 'N', NULL, '', 'N'),
	(155, 50, '응급센터 EMT 휴게실', 'Win 7', '3169', '한글 10', 'Excel 7', '104', 'X', '간호용', 'LG Xpion', '2012-01-01', 'G41', 'E8400', '4Gb', '', '에스원 안티랜섬 웨어 없음 /  0', 'N', NULL, '', 'N'),
	(156, 50, '응급센터 응급약 불출', 'Win 7', '3170', 'x', 'x', '109', 'X', '간호용', 'DB-A150-PA0H2C', '2011-03-01', 'G41', 'E5800', '4Gb', '', '0 / DH16ABS ATA', 'N', NULL, '', 'N'),
	(157, 50, '응급센터 환자분류소', 'Win 10', '3171', 'x', 'x', '110', 'O', '간호용', 'DB-P400-PC2I3C', '2012-05-01', 'H61', 'G630', '4Gb', '', '에스원 로그인 안됨 / 0 /DH16ABS', 'N', NULL, '', 'N'),
	(158, 50, '응급센터 선별진료소', 'Win 7', '3172', 'x', 'Stater 10', '111', 'X', '간호용', 'DB-A150-PA0H2C', '2011-04-01', 'G41', 'E5800', '4Gb', '', '0 / ST3500413AS', 'N', NULL, '', 'N'),
	(159, 50, '응급센터 심폐소생실', 'Win 7', '3173', 'x', 'x', '108', 'X', '간호용', 'DB-A150-PA0H2C', '2011-03-01', 'G41', 'E5800', '4Gb', '', '0 /DH16ABS', 'N', NULL, '', 'N'),
	(160, 50, '응급센터 CCTV 열람용', 'Win 7', '192.168.1.201', 'x', 'x', 'x', 'X', '관리용', 'DB-A150-PA0H2C', '2011-01-01', 'G41', 'E5800', '4Gb', '', '0 /', 'N', NULL, '', 'N'),
	(161, 50, '의무기록사01', 'Win 10', '3153', '한글 10', 'office 10', 'X', 'O', '업무용', 'DB400T6B-A0S/C', '2016-09-01', 'H110', 'G4400', '8Gb', '', '에스원 로그인 X 112 / 0', 'N', NULL, '', 'N'),
	(162, 50, '상담실', 'Win 10', '3154', '한글 10', 'Excel 10', '113', 'O', '업무용', 'DB400T2A-C8B/C', '2013-01-01', 'H61', 'I7-2600', '8Gb', '', '0 /', 'N', NULL, '', 'N'),
	(163, 16, '진료실 내과 01', 'Win 10 pro', '2022', '10', '10', '136', 'O', '진료용', 'DB400TCA-Y0H/C', '2020-01-01', 'H310', 'G5420', '8Gb', '', 'CPU i5 10400 / 0', 'N', NULL, '', 'N'),
	(164, 16, '진료실 내과 02', 'win10 pro', '2044', '한글 10', 'office 10', '313', 'O', '진료용', 'DB400T9A-Z0D/C', '2020-05-01', 'H310', 'G5420', '8Gb', '', '0 / ssd', 'N', NULL, '', 'N'),
	(165, 16, '진료실 내과 03', 'Win 10 pro', '2040', '한글 2014', 'excel 2010', '353', 'O', '진료용', 'DM500TDA-A38AL', '2022-02-01', 'H510', 'I3-10105', '8GB', '', '0 / MZVLQ256HAJD-000', 'N', NULL, '', 'N'),
	(166, 16, '진료실 내과 05', 'win 10 pro', '2043', '한글 10', 'office 10', '308', 'O', '진료용', 'DB400T6B-G0D/C', '2017-02-01', 'h110', 'G4400', '8Gb', '', '0 / ', 'N', NULL, '', 'N'),
	(167, 16, '진료실 내과 04(감염)', 'Win 10 pro', '2029', '한글10', 'office10', '308', 'O', '진료용', 'DB400T9A-ZOD/C', '2020-05-01', 'H310', 'G5420', '8Gb', '', '0 / s1 라이센스 미부여', 'N', NULL, '', 'N'),
	(168, 66, '진료실 내과 06(신장)', 'Win 11 pro', '2021', '한글10', 'office10', '139', 'O', '진료용', 'DB400T9A-ZOD/C', '2019-10-01', 'H310', 'G5420', '8Gb', '', '0 / ssd', 'N', NULL, '', 'N'),
	(169, 17, '진료실 심장내과 04', 'Win 11 pro', '2023', '한글10', 'office10', '140', 'O', '진료용', 'DB400TCA-Y3N/C', '2020-11-01', 'H410', 'G6400', '8Gb', '', '0 / MZNLN128HAHQ', 'N', NULL, '', 'N'),
	(170, 17, '진료실 심장내과 01 (판독용)', 'Win10', '1126', 'x', 'x', '', 'x', '검사용', 'DB400T-9AZ0D/C', '2019-10-01', 'H310', 'G5420', '8GB', '', 'CA1000, Carddas', 'N', NULL, '', 'Y'),
	(171, 17, '진료실 심장내과 02', 'Win 11 pro', '2026', '한글10', 'office10', '142', 'O', '진료용', 'DB400T9A-Z0D/C', '2019-10-01', 'H310', 'G5420', '8GB', '', 'Carddas / 0', 'N', NULL, '', 'N'),
	(172, 17, '진료실 심장내과 03', 'win10 rpo', '2025', '10', 'office 10', '345', 'O', '진료용', 'DB400T6B-A0S/C', '2016-09-01', 'H110', 'G4400', '8GB', '', 'Carddas / 0 /ssd', 'N', NULL, '', 'N'),
	(173, 21, '진료실 소아청소년과 01', 'win10 pro', '2038', '한글10', 'ofiice10', '143', 'O', '진료용', 'DB400T9a-z0D/C', '2019-10-01', 'H310', 'G5420', '8Gb', '', '0 / ssd', 'N', NULL, '', 'N'),
	(174, 21, '진료실 소아청소년과 02', 'Win 10 pro', '2041', '한글 2010', 'office 2010', '145', 'O', '진료용', 'DB400T9A-Z0D/C', '2019-10-01', 'H310', 'G5420', '8Gb', '', '0 / ssd', 'N', NULL, '', 'N'),
	(175, 21, '진료실 소아청소년과 03', 'win 11 pro', '2224', '한글10', 'office13', '144', 'O', '진료용', 'DB400T6B-AOS/C', '2016-09-01', 'h110', 'G4400', '8GB', '', '0 / ssd', 'N', NULL, '', 'N'),
	(176, 20, '진료실 외과 01', 'Win10', '2016', '한글10', 'office10', '?', 'O', '진료용', 'DB400T9A-Z0D/C', '2019-10-01', 'H310', 'G5420', '8Gb', '', '', 'N', NULL, '', 'N'),
	(177, 20, '진료실 외과 02', 'win 11', '2028', '한글10', 'office2016', '346', 'O', '진료용', 'DB400TCA-Y3N/C', '2020-11-01', 'H310', 'G5420', '8Gb', '', '0 /', 'N', NULL, '', 'N'),
	(178, 20, '진료실 외과 03', 'win10', '2020', '한글10', 'office13', '150', 'O', '진료용', 'DB400T9A-Z0D/C', '2019-10-01', 'H310', 'G5420', '8Gb', '', '0 / hdd', 'N', NULL, '', 'N'),
	(179, 63, '진료실 흉부외과 01', 'Win 11', '2024', '한글 2014', 'office 2010', '151', 'O', '진료용', 'DM-500TDA-A38AL', '2022-01-01', 'H510', 'i3-10105', '8GB', '', '0 /', 'N', NULL, '', 'N'),
	(180, 19, '진료실 신경과 01', 'win 11 pro', '2107', '한글 2018', 'office 2016', '152', 'O', '진료용', 'DB400T9A-Z0D/C', '2019-10-01', 'H310', 'G5420', '8Gb', '', 'GT710, 한글2018, Office2016 / 0', 'N', NULL, '', 'N'),
	(181, 16, '간호데스크 내과 01', 'Win 11 Pro', '2160', '한글 10', 'excel10', '156', 'O', '간호용', 'DM500TGZ-AD5AB', '2024-06-01', 'H670', 'I5-14400', '8Gb', '', '0 /', 'N', NULL, '', 'N'),
	(182, 16, '간호데스크 내과 02', 'Win 10', '2142', 'x', 'x', '309', 'X', '간호용', 'DB-A150-PA0H2C', '2011-04-01', 'G41', 'E5800', '4Gb', '', '0 /ST500DM002-1BD142 /리브레 오피스 설치', 'N', NULL, '', 'N'),
	(183, 16, '간호데스크 내과 03', 'Win 10', '2194', '뷰어 2010', 'x', '158', 'X', '간호용', 'DB-A150-PA0H2C', '2011-04-01', 'G41', 'E8400', '4Gb', '', '0 / ST500DM002-1SB10A', 'N', NULL, '', 'N'),
	(184, 16, '간호데스크 내과 04(감염)', 'Win 7', '2166', '뷰어 2010', '리브레', '171', 'X', '간호용', 'DB-A150-PA0H2C', '2011-04-01', 'G41', 'E5800', '4Gb', '', '0 /DT01ACA050', 'N', NULL, '', 'N'),
	(185, 16, '간호데스크 내과 05', 'Win 11 Pro', '2143', 'x', 'x', '311', 'O', '간호용', 'DM500TGZ - AD5AB', '2024-06-01', 'H670', 'I5-14400', '8Gb', '', '0 / ', 'N', NULL, '', 'N'),
	(186, 66, '간호데스크 내과 06(신장)', 'Win 10', '2165', '한글 10', 'office 10', '348', 'X', '간호용', 'DB-A150-PA0H2C', '2011-04-01', 'G41', 'E5700', '4Gb', '', 'GT620 / 0 /DT01ACA050', 'N', NULL, '', 'N'),
	(187, 17, '간호데스크 심장내과 02', 'Win 11 Pro', '2163', '한글 10', 'office 2013', '160', 'O', '간호용', 'DM500TGZ-AD5AB', '2024-05-01', 'H670', 'I5-14400', '8Gb', '', '0 /', 'N', NULL, '', 'N'),
	(188, 17, '간호데스크 심장내과 03', 'Win 10 pro', '2168', 'x', 'X', '161', 'O', '간호용', 'DB400T2A-C8B/C', '2013-03-01', 'H61', 'G2020', '8Gb', '', '0 / DT01ACA050', 'N', NULL, '', 'N'),
	(189, 17, '간호데스크 심장내과 04', 'Win 10', '2162', 'x', 'X', '159', 'O', '간호용', 'DB-A150-PA0H2C', '2011-03-01', 'G41', 'E5800', '4Gb', '', '0 / ssd', 'N', NULL, '', 'N'),
	(190, 21, '간호데스크 소아청소년과 01', 'Win 10', '2192', '한글 14', 'Excel 10', '163', 'O', '간호용', '', '2014-01-01', 'H81', 'G3240', '8Gb', '', 'Lenovo SlimPC / 0', 'N', NULL, '', 'N'),
	(191, 21, '간호데스크 소아청소년과 02', 'Win 11 Pro', '2169', '한글 10', 'Excel 10', '165', 'O', '간호용', 'DM501TGA-Z09', '2025-02-01', '', 'i5-14400', '16Gb', '', '0 /', 'N', NULL, '', 'N'),
	(192, 21, '간호데스크 소아청소년과 03', 'Win 10', '2176', '한글 10', 'Stater 10', '162', 'O', '간호용', 'DB400T2A-C2I5S', '2011-01-01', 'H61', 'I3-3220', '8Gb', '', '0 /', 'N', NULL, '', 'N'),
	(193, 21, '간호데스크 소아청소년과 서브', 'Win 10', '2148', 'x', 'x', '164', 'X', '간호용', 'DB-A150-PA0H2C', '2011-01-01', 'G41', 'E5800', '4Gb', '', '0 /', 'N', NULL, '', 'N'),
	(194, 57, '간호데스크 소아청소년과 유튜브용', 'Win 7', '2164', '', '', '', '', '업무용', 'DB-A150-PA0H2C', '2011-03-01', 'G41', 'E5800', '4Gb', '', '0 /', 'N', NULL, '', 'N'),
	(195, 20, '간호데스크 외과 01', 'Win 11 pro', '2145', '한글 10', 'office 2016', '167', 'O', '간호용', 'DM501TGA-Z09/C', '2024-08-01', 'H670', 'I5-14400', '8Gb', '', '0 /', 'N', NULL, '', 'N'),
	(196, 20, '간호데스크 외과 02', 'Win 10', '2170', '뷰어 10', 'office 10', '168', 'O', '간호용', 'DB-A150-PA0H2C', '2011-03-01', 'G41', 'E5800', '4Gb', '', '0 / ssd', 'N', NULL, '', 'N'),
	(197, 20, '간호데스크 외과 03', 'Win 10', '2171', '한글 10', 'office 2010', '169', 'O', '간호용', 'DB-A150-PA0H2C', '2011-03-01', 'G41', 'E5800', '4Gb', '', '0 / ssd', 'N', NULL, '', 'N'),
	(198, 63, '간호데스크 흉부외과 01', 'Win 11', '2147', '한글 10', 'office 10', '170', 'X', '간호용', 'DM501TGA-Z09/C', '2024-08-01', 'H670', 'I5-14400', '8Gb', '', '0 /', 'N', NULL, '', 'N'),
	(199, 19, '간호데스크 신경과 01', 'Win 10 pro', '2108', '한글 10', 'office 13', '157', 'O', '간호용', 'DB400T6B-A0s/c', '2016-09-01', 'H110', 'G4400', '8Gb', '', '0 /', 'N', NULL, '', 'N'),
	(200, 26, '진료실 판독의 01', '', '1191', '', '', '154', '', '검사용', 'DELL PC', '2013-12-01', '', '', '', '', 'RA1000, GPU HD7700', 'Y', '2025-05-27', '새 컴퓨터 설치', 'N'),
	(201, 26, '진료실 판독의 02(원외망)', 'win10', '원외망', '한글 2010', 'office 2010', 'x', 'x', '업무용', 'DM-V600-PA07G', '2011-06-01', '', 'i3-2100', '8G', '', '0 / ssd ', 'N', NULL, '', 'N'),
	(202, 26, '진료실 판독의 02', '', '', '', '', '', '', '검사용', 'DELL PC', '2013-12-01', '', '', '', '', 'RA1000, GPU HD7700', 'Y', '2025-05-27', '새 컴퓨터 설치', 'N'),
	(203, 26, '진료실 판독의 02', 'win 10 pro', '1193', 'x', 'x', '061', 'x', '검사용', 'precisoion tower3620', '2016-06-01', '', 'E5-1650', '8G', '', 'RA1000, GPU GTX750ti / 0 / ST500DM002-1BD142', 'N', NULL, '', 'N'),
	(204, 23, '접수수납 02 9141', 'win 10 PRO', '2046', '한글14', 'Excel2010', '035', 'O', '업무용', 'DB400T6B-A0S/C', '2016-09-01', 'H110', 'G4400', '8Gb', '', '0 / ssd', 'N', NULL, '', 'N'),
	(205, 23, '접수수납 01 9142', 'Win 10', '2045', '한글10', 'Excel2010', '199', 'O', '업무용', 'DB400T2A-C8B/C', '2013-03-01', 'H61', 'G2020', '4Gb', '', '0 / ssd', 'N', NULL, '', 'N'),
	(206, 25, '검사실 01 실장', 'Win 11 pro', '2027', '한글10', 'office13', '180', 'o', '업무용', 'DB400TDA-Y2Z/C', '2021-01-01', 'H410', 'i3-10105', '8Gb', '', '0 / ssd', 'N', NULL, '', 'N'),
	(207, 25, '검사실 원장님', 'win 10 pro', '2129', '한글10', 'office10', '192', 'x', '업무용', 'DB400T9A-ZOD/C', '2020-04-01', 'H310', 'G5420', '8GB', '', '0 / ssd', 'N', NULL, '', 'N'),
	(208, 25, '검사실 02 직원용', 'Win10', '3249', '한글10', 'office 2010', '357', 'O', '업무용', 'DB400T2A-C39/C', '2013-05-01', 'h61', 'G2020', '4gb', '', '0 / hdd / 알약 실행안됨', 'N', NULL, '', 'N'),
	(209, 25, '검사실 03 Gem3500', 'win 10', '2096', '한글10', 'excel 10', '184', 'O', '검사용', 'DB-A150-PA0H2C', '2011-04-01', 'G41', 'E5800', '4Gb', '', '0 / ssd', 'N', NULL, '', 'N'),
	(210, 25, '검사실 04 TOP350', 'Win10', '2128', 'x', 'x', '183', 'x', '검사용', 'DB-A150-PA0H2', '2012-04-01', '', 'E5800', '4GB', '', '0 /ST500DM02', 'N', NULL, '', 'N'),
	(211, 25, '검사실 05 Cobas-8000', 'Win 11 pro', '1231', 'x', 'x', '355', 'x', '검사용', 'MLPC', '2022-01-01', 'H410', 'i5-10500', '8GB', '', '0 / SSSTC CL1-8D256-HP', 'N', NULL, '', 'N'),
	(212, 25, '검사실 06 XN-1000', 'win 7', '2095', 'x', 'starter 2010', '356', 'x', '검사용', 'DB-A150-PA0H2C', '2011-03-01', 'G41', 'E6600', '4Gb', '', '0 / ST3500413AS', 'N', NULL, '', 'N'),
	(213, 25, '검사실 07 XN-1000 (메르딘)', 'win 7', '2124', '한글10', 'Stater 10', '188', 'x', '검사용', 'DB-A150-PA0H2C', '2011-03-01', 'G41', 'E5800', '4Gb', '', '0 /  HD322GJ', 'N', NULL, '', 'N'),
	(214, 25, '검사실 08 VISION-C', 'win 10', '2098', 'x', 'x', '185', 'x', '검사용', 'DB-A150-PA0H2C', '2011-03-01', 'G41', 'E5800', '4Gb', '', '0 / HD322GJ', 'N', NULL, '', 'N'),
	(215, 25, '검사실 09 혈액은행', 'Win 10', '2097', '한글 10', 'office 2010', '198', 'O', '검사용', 'DB400T2A-A3I4S', '2014-09-01', 'h61', 'i3-3220', '8GB', '', 'CPU i3-3220 / 0 / ssd', 'N', NULL, '', 'N'),
	(216, 25, '검사실 10 G11', 'WIN10', '2127', '한글10', 'office 10', '191', 'O', '검사용', 'DB-A150-PA0H2C', '2011-03-01', 'G41', 'E5800', '4Gb', '', '0 / HD322GJ', 'N', NULL, '', 'N'),
	(217, 25, '검사실 11 PFA100', 'win 7', '2122', '뷰어10', 'Stater 10', '186', 'x', '검사용', 'DB-A150-PA0H2C', '2011-03-01', 'G41', 'E5800', '4Gb', '', '0 / HDWD110', 'N', NULL, '', 'N'),
	(218, 25, '검사실 12 URISCAN', 'win 10', '2121', 'x', 'x', '190', 'x', '검사용', 'DB-A150-PA0H2C', '2011-03-01', 'G41', 'E5800', '4Gb', '', '0 / ST500DM002-1SB10A', 'N', NULL, '', 'N'),
	(219, 25, '검사실 13 Cobas C702', 'win 10', '2125', '한글10', 'office 16', '189', 'O', '검사용', 'DB400T2A-A3I4S', '2014-09-01', '', 'i3-3220', '8Gb', '', '0 / ssd', 'N', NULL, '', 'N'),
	(220, 25, '검사실 14 혈당계', 'win 10 pro', '2119', 'x', 'x', '193', 'O', '검사용', 'DB-A150-PA0H2C', '2011-04-01', 'G41', 'E8400', '4Gb', '', '0 / ST500DM002-1SB10A', 'N', NULL, '', 'N'),
	(221, 25, '검사실 15 접수대(내부)', 'win 11 pro', '2120', 'x', '리브레', '181', 'O', '업무용', 'DM501TGA-U0N/C', '2024-12-01', '', 'i5-14400', '16Gb', '', '0 /MZVL4256HBJD-00B / s1 라이센스 안들어옴', 'N', NULL, '', 'N'),
	(222, 25, '검사실 16 채혈실 01(외부)', 'win 7', '2093', 'x', 'Stater 10', '194', 'x', '업무용', 'DB-A150-PA0H2C', '2011-04-01', 'G41', 'E5800', '4Gb', '', '0 / HD332GJ', 'N', NULL, '', 'N'),
	(223, 25, '검사실 17 채혈실 02(외부)', 'WIN10', '3229', 'x', 'x', '340', 'O', '업무용', 'DB-A150-PA0H2C', '2011-03-01', 'G41', 'E5800', '4Gb', '', '0 / ssd', 'N', NULL, '', 'N'),
	(224, 25, '검사실 18 심전도실', 'XP', '1086', '', 'Stater 10', 'X', '', '검사용', 'DEEL PC', '2011-01-01', 'G41', 'E6700', '2Gb', '', '', 'N', NULL, '', 'Y'),
	(225, 25, '심전도실 2', 'win 7', '2223', 'x', 'Stater 10', '196', 'x', '검사용', ' DB-A150-PA0H2C', '2011-04-01', 'G41', 'E5800', '4gb', '', '0 / hdd', 'N', NULL, '', 'N'),
	(226, 25, '검사실 19 ORTHO', 'win 10', '2090', 'x', 'x', '361', 'o', '검사용', 'DB-A150-PA0H2C', '2011-03-01', 'G41', 'E5800', '4Gb', '', '0 / ssd', 'N', NULL, '', 'N'),
	(227, 26, '일반촬영실', 'Win 10 pro', '2216', 'x', 'x', '177', 'X', '검사용', 'DB400T7A-Z14/C', '2018-12-01', 'H110', 'G4400', '8Gb', '', 'RA1000, RA600/ 0 /', 'N', NULL, '', 'N'),
	(228, 26, '일반촬영실02', 'Win Xp', '1121', 'x', 'office 7', 'X', 'X', '검사용', 'DB-P200-PA0AKC', '2011-03-01', 'H55', 'I3-550', '2Gb', '', 'Win XP / 0 / HDS721032CL362', 'N', NULL, '', 'N'),
	(229, 26, '영상의학과 차장', 'Win10 pro', '2082', '한글10', 'office 10', '178', 'X', '업무용', 'DB400T6B-A0S/C', '2016-09-01', 'H110', 'G4400', '8GB', '', 'Carddas / 0 / DT01ACA100', 'N', NULL, '', 'N'),
	(230, 26, '일반촬영실 접수', 'Win 7', '2217', 'x', 'Stater 10', '179', 'O', '검사용', 'DB-A150-PA0H2C', '2011-03-01', '', 'E8400', '4Gb', '', 'RA1000, RnD Uploader / 0', 'N', NULL, '', 'N'),
	(231, 26, '외부 CD업로드', 'Win 10', '1122', 'x', 'x', 'X', 'X', '검사용', 'DB-A150-PA0H2C', '2011-04-01', 'G41', 'E5800', '4Gb', '', 'RA1000, RnD Uploader / 0 / ssd', 'N', NULL, '', 'N'),
	(232, 26, '초음파실 접수', 'Win 7', '2100', 'x', 'Stater 10', 'X', 'X', '검사용', 'DB-V189', '2011-03-01', 'G41', 'E5800', '4Gb', '', '0 / HD322GJ', 'N', NULL, '', 'N'),
	(233, 15, 'PT실장', 'win 11 pro', '2157', '한글 10', 'office 13', '200', 'O', '업무용', 'DB400T6B-G0D/C', '2017-02-01', 'h110', 'G4400', '8Gb', '', '0 /', 'N', NULL, '', 'N'),
	(234, 15, '재활치료실 01', 'win 11 pro', '2153', '한글 10', 'office 10', '201', 'O', '업무용', 'DM501TGA-Z09/C', '2024-12-01', 'H670', 'i5-14400', '16Gb', '', '0 /', 'N', NULL, '', 'N'),
	(235, 15, '재활치료실 02', 'win 7', '2154', 'x', 'Stater 10', '202', 'X', '업무용', 'DB-A150-PA0H2C', '2011-03-01', 'G41', 'E5800', '4Gb', '', '0 / ST500DM002-1SB10A', 'N', NULL, '', 'N'),
	(236, 15, '통증치료실 01', 'win10', '2152', 'x', 'office 10', '205', 'O', '업무용', 'DB-A150-PA0H2C', '2011-03-01', 'G41', 'E5800', '6Gb', '', '0 / SSD', 'N', NULL, '', 'N'),
	(237, 15, '통증치료실 02', 'win 7', '2155', 'x', 'Stater 10', '206', 'X', '업무용', 'DB-A150-PA0H2C', '2011-03-01', 'G41', 'E5800', '4Gb', '', '0 /ST500DM002-1BD142', 'N', NULL, '', 'N'),
	(238, 15, '작업치료실 01', 'win 7', '2156', 'x', 'Stater 10', '203', 'X', '업무용', 'DB-A150-PA0H2C', '2011-03-01', 'G41', 'E5800', '4Gb', '', '0 / ST500DM009-2F110A', 'N', NULL, '', 'N'),
	(239, 15, '작업치료실 02', 'win 7', '2158', 'x', 'Stater 10', '204', 'X', '업무용', 'DB-A150-PA0H2C', '2011-04-01', 'G41', 'E5800', '4Gb', '', '0 / HD322GJ', 'N', NULL, '', 'N'),
	(240, 24, '진료실', 'Win 10 pro', '3104', '한글 10', 'office 10', '325', 'O', '진료용', 'DB400T9A-Z0D/C', '2017-01-01', 'H310', 'G5420', '8Gb', '', '0 /', 'N', NULL, '', 'N'),
	(241, 24, '내시경실 간호데스크 ', 'Win 10', '3103', 'x', 'x', '131', 'X', '간호용', 'DB-P400-PC2I3S', '2012-05-01', 'G41', 'G630', '8Gb', '', '0 /', 'N', NULL, '', 'N'),
	(242, 24, 'Olympus Gate Way', 'Win 10 pro', '1039', 'x', 'x', 'x', 'X', '검사용', '', '2022-01-01', 'H510', 'i5-4590', '8Gb', '', 'HD 캡쳐 / 0', 'N', NULL, '', 'N'),
	(243, 17, '검사실 01 (판독용)', 'Win 10 pro', '1126', 'x', 'x', '173', 'X', '검사용', 'DB400T9A-Z0D/C', '2019-10-01', 'H110', 'G5420', '8Gb', '', 'CA1000, Carddas / 0', 'N', NULL, '', 'N'),
	(244, 17, '검사실 02 (Holter)', 'Win XP', '1079', 'x', 'x', 'x', 'X', '검사용', 'DB-A150-PA0H2C', '2010-01-01', 'G41', 'E5800', '4Gb', '', '0 /', 'N', NULL, '', 'N'),
	(245, 17, '검사실 03 (BP GW)', 'Win XP', '1027', 'x', 'x', 'x', 'X', '검사용', 'DB-A150-PA0H2C', '2011-04-01', 'G41', 'E5800', '4Gb', '', '0 / ST500DM099-2F110A', 'N', NULL, '', 'N'),
	(246, 17, '검사실04 (24Holter Upload)', 'Win 10 pro', '1047', 'x', 'x', '327', 'X', '검사용', 'HP8100 엘리트', '2011-01-01', 'H55', 'I5-760', '8Gb', '', 'HP 8100E, GT730 / 0', 'N', NULL, '', 'N'),
	(247, 17, 'PD 판독용 PC', 'Win 11 pro', '1138', '한글 10', 'x', '175', 'X', '검사용', 'DB400T9A-Z2G/C', '2020-03-01', 'H310', 'G5420', '8Gb', '', 'Carddas / 0', 'N', NULL, '', 'N'),
	(248, 19, '검사실 01(근전도실)', 'win 7', '2.222', 'x', 'starter 10', '176', 'O', '검사용', 'DB400T2A-A3I4S', '2014-09-01', 'H61', 'I3-3220', '4Gb', '', '0 / DT01ACA100', 'N', NULL, '', 'N'),
	(249, 19, '근전도검사(EMG)', 'win10 pro', '1202', 'x', 'x', '1202', 'x', '검사용', 'optplex 5000 small', '2022-05-01', '', 'i5-12500', '16G', '', '0 /NVMe', 'N', NULL, '', 'N'),
	(250, 19, '뇌전도검사(EEG)', 'Win 7', '1203', 'x', 'x', '335(로그인이 안됌)', 'x', '검사용', 'HP 엘리트 800', '2011-10-01', '', 'i3-4170', '4g', '', '0 / ST2000DM 001-1ER164', 'N', NULL, '', 'N'),
	(251, 19, '어지럼증검사(VNG)', 'win10', '1204', 'x', 'x', 'x', 'x', '검사용', 'Lenovo XV100303-20121A', '2020-07-01', '', 'i7-10750H', '16G', '', '0 / 노트북', 'N', NULL, '', 'N'),
	(252, 22, '치과 의료진', 'Win 10 pro', '3240', '한글14', 'office10', '207', 'O', '진료용', 'DM500TDA-A38AL', '2022-02-01', 'H510', 'I3-10105', '8GB', '', 'GTX 1650 그래픽 카드 장착 / 0', 'N', NULL, '', 'N'),
	(253, 22, '치과 접수데스크', 'win 11 pro', '3241', '한글10', 'office16', '208', 'O', '간호용', 'DB400T6B_A0S/C', '2016-09-01', 'h110', 'g4400', '8gb', '', '0 / ', 'N', NULL, '', 'N'),
	(254, 22, '치과 상담실', 'win 10', '3246', '한글 10', 'x', '209', 'O', '간호용', 'DB-A150-PA0H2C', '2011-03-01', 'g41', 'e5400', '6GB', '', '0 / SSD', 'N', NULL, '', 'N'),
	(255, 22, '치과 X-ray GW', 'win 10 pro', '0171', 'x', 'x', 'X', 'X', '검사용', 'hp9FR62AV', '2022-01-01', 'h410', 'i5-10500', '16GB', '', '0 /', 'N', NULL, '', 'N'),
	(256, 22, 'Gateway 01', 'win 7', '3243', 'x', 'x', 'x', 'O', '검사용', 'DB400TNB-Z2R/C', '2018-05-01', 'H110', 'G4400', '4Gb', '', '0 /', 'N', NULL, '', 'N'),
	(257, 22, 'Gateway 02', 'win 7', '3244', 'x', 'x', 'x', 'O', '검사용', 'DB400T6B-A0S/C', '2016-09-01', 'H110', 'G4400', '4Gb', '', '0 /st500m002-1sb10a', 'N', NULL, '', 'N'),
	(258, 22, 'Gateway 03', 'win 7', '3245', '', '', '', 'O', '검사용', 'DB400T6B-A0S/C', '2016-09-01', 'H110', 'G4400', '4gb', '', '0 / 수거 예정', 'N', NULL, '', 'N'),
	(259, 17, 'CV01 진료실', 'Win Xp', '', '', '', '', '', '검사용', 'HP compaq 6000', '2011-01-01', '', 'E6700', '2Gb', '', '', 'N', NULL, '', 'N'),
	(260, 17, 'CV 검사실', 'Win XP', '1085', 'x', 'x', 'X', 'X', '검사용', 'HP elite Desk 800', '2011-01-01', 'G41', 'E6700', '2Gb', '', '0 /', 'N', NULL, '', 'N'),
	(261, 25, '심전도실(MUSE)', 'Win XP', '1086', 'x', 'x', 'x', 'x', '검사용', 'HP compaq 6000', '2011-01-01', 'G41', 'E6700', '2Gb', '', '0 / MUSE Client', 'N', NULL, '', 'N'),
	(262, 31, '마취과 원장실 01', 'Win 10 pro', '2036', '한글 10', 'x', '223', 'O', '진료용', 'DB400T6B-G0D/C', '2017-02-01', 'H110', 'G4400', '4Gb', '', '0 / ssd', 'N', NULL, '', 'N'),
	(263, 31, '마취과 원장실 02', 'Win 10', '2035', '한글 10', 'x', '222', 'O', '진료용', 'DB400T6B-A0S/C', '2016-09-01', 'H110', 'G4400', '4Gb', '', '0 / ssd', 'N', NULL, '', 'N'),
	(264, 31, '간호데스크 01', 'Win 10 pro', '2202', '한글 10', 'Excel 10', '224', 'O', '간호용', '', '2016-09-01', 'H110', 'G4400', '8Gb', '', '0 / DT01ACA050', 'N', NULL, '', 'N'),
	(265, 31, '간호데스크 02', 'Win 10', '2203', '한글 10', 'office 10', '225', 'O', '간호용', '', '2013-03-01', 'H61', 'I7-2600', '8Gb', '', '0 / ssd', 'N', NULL, '', 'N'),
	(266, 31, '회복실 간호데스크', 'Win 7', '2204', 'x', 'Stater 10', '226', 'X', '간호용', 'DB400T2A', '2013-03-01', 'H61', 'G2020', '4Gb', '', '0 /', 'N', NULL, '', 'N'),
	(267, 31, '간호데스크 04(복도)', 'Win 11', '2201', 'x', 'excel 2013', '265', 'X', '간호용', 'DB400TFA-Z5D/C', '2024-01-01', 'H610', 'I5 - 13400', '8Gb', '', '0 / WDSN740-SDDPNQD', 'N', NULL, '', 'N'),
	(268, 31, '수술실 블럭방', 'Win 11', '2199', '뷰어 2010', 'x', '343', 'O', '진료용', 'HP All-In-One 22 C1xx', '2020-01-01', '', 'Ryzen3 3200U', '8Gb', '', '0 / HP일체형 PC(22`) / MZNL128HAHQ-000', 'N', NULL, '', 'N'),
	(269, 31, '의료진 휴게실 01', 'Win 10', '2205', 'x', 'x', '227', 'O', '진료용', 'DB400T2A-C37/R', '2013-10-01', 'H61', 'G2020', '8GB', '', '삼성 Slim PC / 0 / ssd', 'N', NULL, '', 'N'),
	(270, 31, '의료진 휴게실 02', 'Win 7', '2206', '한글 10', 'Stater 10', '228', 'O', '진료용', 'DB-A150-PA0H2C', '2011-03-01', 'G41', 'E5800', '2Gb', '', '0 / HD322HJ', 'N', NULL, '', 'N'),
	(271, 31, '수술방 전용 01', 'Win 7', '2101', 'X', 'starter 2010', '229', 'X', '진료용', 'DB-A150-PA0H2C', '2011-04-01', 'G41', 'E5800', '4GB', '', '0 / ST500DM002-1BD142', 'N', NULL, '', 'N'),
	(272, 31, '수술방 전용 02', 'Win 7', '2102', 'X', 'starter 2010', '230', 'X', '진료용', 'DB-A150-PA0H2C', '2011-03-01', 'G41', 'E5800', '4gb', '', '0 / ST500DM002-1BD142', 'N', NULL, '', 'N'),
	(273, 31, '수술방 전용 04', 'Win 7', '2103', 'x', 'stater 2010', '231', 'x', '진료용', 'DB-A150-PA0H2C', '2010-12-01', 'G41', 'E5800', '2gb', '', '0 / DH16ABS', 'N', NULL, '', 'N'),
	(274, 31, '수술방 전용 03', 'Win 7', '2104', 'x', 'starter 2010', '232', 'x', '진료용', 'DB-A150-PA0F3C', '2011-03-01', 'G41', 'E5800', '4Gb', '', '0 / ST500DM002', 'N', NULL, '', 'N'),
	(275, 31, 'GS 수술용 Gateway', 'Win 7', '', '', '', '', '', '검사용', '', '2011-01-01', 'G41', 'E5800', '4Gb', '', '', 'N', NULL, '', 'N'),
	(276, 31, 'OS 수술용 Gateway', '', '', '', '', '', '', '검사용', 'Dell', '2023-01-01', '', '', '', '', '', 'N', NULL, '', 'N'),
	(277, 27, '간호데스크 01', 'Win 11 pro', '3091', '한글 10', 'office 10', '210', 'O', '간호용', 'DB-A150-PA0H2C', '2024-08-01', 'H670', 'I5-14400', '8Gb', '', '0 / MZVL4256HBJD-00B', 'N', NULL, '', 'N'),
	(278, 27, '간호데스크 02', 'Win 10', '3092', '한글 10', 'x', '211', 'X', '간호용', 'DB400T2A-C8B/C', '2013-11-01', '', 'g2020', '8Gb', '', '0 / ssd', 'N', NULL, '', 'N'),
	(279, 27, '간호데스크 03', 'Win 10', '3093', 'x', 'x', '212', 'X', '간호용', 'DB-P400PC2I3S', '2012-05-01', '', 'G630', '6Gb', '', '0 / ssd', 'N', NULL, '', 'N'),
	(280, 27, '간호데스크 04', 'Win 7', '3094', '뷰어 10', 'Stater 10', '213', 'X', '간호용', 'DB-A150-PA0H2C', '2011-04-01', '', 'E8400', '4Gb', '', '0 / HDS721032CLA362', 'N', NULL, '', 'N'),
	(281, 30, '간호데스크 02', 'Win 10', '2130', 'x', 'Stater 10', 'X', 'X', '간호용', 'DB-A150-PA0H2C', '2011-03-01', 'G41', 'E5800', '4Gb', '', '0 / ST500DM002-1SB10A', 'N', NULL, '', 'N'),
	(282, 30, '간호데스크 02', 'Win 7', '2131', 'x', 'Stater 10', '214', 'X', '간호용', 'DB-A150-PA0H2C', '2011-01-01', 'G41', 'E5800', '4Gb', '', '', 'N', NULL, '', 'N'),
	(283, 30, '간호데스크 03', 'Win 11 pro', '2132', '한글 10', 'office 13', '216', 'O', '간호용', 'DB400T6B-AOS/C', '2016-08-01', 'H110', 'G4400', '8Gb', '', '0 / ssd', 'N', NULL, '', 'N'),
	(284, 30, '간호데스크 04', 'Win 7', '2133', 'x', 'x', '217', 'X', '간호용', 'DB-A150-PA0H2C', '2011-03-01', 'G41', 'E5800', '4Gb', '', '0 / ST500DM-002-1BD142', 'N', NULL, '', 'N'),
	(285, 58, '의국 01', 'Win 10', '2033', '한글 10', 'office 10', '218', 'X', '업무용', 'DB400TCA-Y3K/C', '2022-01-01', 'H470', 'I3-10105', '8Gb', '', '', 'N', NULL, '', 'N'),
	(286, 58, '의국 02 (판독전용)', 'Win 10', '1130', 'x', 'x', '219', 'X', '업무용', 'DB400T8A-Z5T/C', '2019-05-01', 'H310', 'G5400', '8Gb', '', 'CA1000, Carddas', 'N', NULL, '', 'N'),
	(287, 58, '조정실 담당자 (정성훈 실장)', 'Win 10', '2031', '한글 10', 'Excel 7', '220', 'O', '업무용', 'DB400T8A-ZB5/C', '2019-03-01', 'H310', 'G5400', '8Gb', '', 'Carddas', 'N', NULL, '', 'N'),
	(288, 58, '조정실 간호데스크', 'Win 7', '2034', 'x', 'Stater 10', '221', 'X', '업무용', 'DB-A150-PA0H2C', '2011-04-01', 'G41', 'E5800', '4Gb', '', '', 'N', NULL, '', 'N'),
	(289, 28, '중앙데스크', 'Win 10', '2226', '한글 10', 'office 10', '233', 'O', '업무용', 'DB400T2A-C37/R', '2013-01-01', 'H61', 'G630', '8Gb', '', '0 / hdd', 'N', NULL, '', 'N'),
	(290, 28, '물품교환실', 'Win 7', '2227', 'x', 'x', '234', 'X', '업무용', 'DB-P200-PA07AC', '2010-08-01', 'H55', 'I3-540', '4Gb', '', '0 / ST500DM002-1BD142', 'N', NULL, '', 'N'),
	(291, 32, '간호데스크 01', 'Win 10', '2051', '한글 10', 'x', '235', 'O', '간호용', 'DB400T2A-C37/R', '2014-01-01', 'H81', 'G3240', '8Gb', '', '0 / ssd', 'N', NULL, '', 'N'),
	(292, 32, '간호데스크 02', 'Win 7', '2052', 'x', 'Stater 10', '236', 'X', '간호용', 'DB-A150-PA0H2C', '2011-03-01', 'G41', 'E5800', '4Gb', '', '0 / HDS721032CLA362', 'N', NULL, '', 'N'),
	(293, 32, '간호데스크 03', 'Win 11 Pro', '2053', 'x', 'X', '237', 'O', '간호용', 'DM501TGA-U0N/C', '2024-12-01', '', 'i5-14400', '16Gb', '', '0 / MZVL4256HBJD-00B', 'N', NULL, '', 'N'),
	(294, 32, '간호데스크 04', 'Win 11 Pro', '2054', 'x', 'x', '238', 'O', '간호용', 'DM500TGZ-AD5AB', '2024-05-01', 'H670', 'I5-14400', '8Gb', '', '0 / MZVL4256HBJD-00B', 'N', NULL, '', 'N'),
	(295, 32, '간호데스크 05', 'Win 11 pro', '2055', '한글 10', 'office 13', '239', 'O', '간호용', 'DB400T6B-G0D/C', '2016-11-01', 'H110', 'G4400', '8Gb', '', '0 / DT01ACA100', 'N', NULL, '', 'N'),
	(296, 32, '간호데스크 N/B', 'Win 11', '2239', 'x', 'x', '', 'X', '간호용', 'NT550XDZ', '2022-01-01', '', 'I3 - 1115G4', '8GB', '', '삼성 노트북 플러스2 NT550XDZ I3', 'N', NULL, '', 'N'),
	(297, 32, '간호데스크 N/B', 'Win 11', '2241', 'x', 'x', '', 'X', '간호용', 'NT550XDA', '2020-01-01', '', 'I5-1135G7', '8Gb', '', '삼성노트북 플러스2 NT550XDA I5', 'N', NULL, '', 'N'),
	(298, 32, '의료진 01', 'Win 10', '2060', 'x', 'x', '240', 'X', '간호용', 'DB400T2A', '2013-03-01', '', 'G2020', '8Gb', '', '0 / ssd', 'N', NULL, '', 'N'),
	(299, 33, '간호데스크 06', 'Win 10', '2056', 'x', 'x', '241', 'O', '간호용', 'DB400T2A-A3I4S', '2014-09-01', '', 'i3-3220', '8Gb', '', '0 / SSD', 'N', NULL, '', 'N'),
	(300, 33, '간호데스크 07', 'Win 11 pro', '2057', '한글 10', 'office 13', '242', 'O', '간호용', 'DB400T6B-AOS/C', '2016-01-01', 'G110', 'G4400', '8Gb', '', '0 / ssd', 'N', NULL, '', 'N'),
	(301, 33, '간호데스크 08', 'Win 11 Pro', '2058', '한글 2010', 'office 2010', '243', 'O', '간호용', 'DM500TGZ', '2024-06-01', 'H670', 'I5-14400', '8Gb', '', '0 / MZVL4256HBJD-00B', 'N', NULL, '', 'N'),
	(302, 33, '간호데스크 N/B', 'Win 11 pro', '2241', 'x', 'x', '334', 'X', '간호용', 'NT550XDA', '2020-01-01', '', 'I5-1135G7', '8Gb', '', '삼성노트북 플러스2 NT550XDA I5 / 0', 'N', NULL, '', 'N'),
	(303, 34, '간호데스크 01', 'Win 7', '2061', 'x', 'Starter 10', '246', 'X', '간호용', 'DB-P400-PC2I3S', '2012-06-01', 'G41', 'E5800', '4Gb', '', '0 / MB0500EBNCR', 'N', NULL, '', 'N'),
	(304, 34, '간호데스크 02', 'Win 10', '2062', 'x', 'office 10', '245', 'X', '간호용', 'DB400T3A-ABZ/C', '2014-11-01', 'H110', 'G4400', '8Gb', '', '0 / ST500DM002-1BD142', 'N', NULL, '', 'N'),
	(305, 34, '간호데스크 03', 'Win 11 Pro', '2064', '한글10', 'office 10', '247', 'X', '간호용', 'DM500TGZ', '2024-05-01', 'H670', 'I5-14400', '8Gb', '', '0 / MZVL4256HBJD-00B', 'N', NULL, '', 'N'),
	(306, 34, '간호데스크 04', 'Win 10', '2063', '한글 10', 'x', '248', 'O', '간호용', 'DB400T2A-C2I1S', '2012-01-01', 'H61', 'I5-2500', '8Gb', '', '0 / WD10EZEX-22MFCA0', 'N', NULL, '', 'N'),
	(307, 35, '간호데스크 05', 'Win 11 Pro', '2065', 'x', 'x', '249', 'O', '간호용', 'DM500TGZ-AD5AB', '2024-05-01', 'H670', 'I5-14400', '8Gb', '', '0 / MZVL4256HBJD-00B', 'N', NULL, '', 'N'),
	(308, 35, '간호데스크 06', 'win10', '2066', 'x', 'x', '250', 'O', '간호용', 'DB-P400-PC2I4S', '2012-03-01', '', 'G850', '4Gb', '', '0 / ST500DM002-1BD142', 'N', NULL, '', 'N'),
	(309, 35, '간호데스크 07', 'Win 10', '2067', 'x', 'x', '252', 'O', '간호용', 'DB-A150-PA0H2C', '2011-03-01', '', 'E5800', '4Gb', '', '0 / DT01ACA050', 'N', NULL, '', 'N'),
	(310, 35, '간호데스크 08', 'Win 11 pro', '2068', '한글 2010', 'office 2013', '251', 'O', '간호용', 'DB400T6B-AOS/C', '2016-09-01', 'H110', 'G4400', '8Gb', '', '0 / WD10EZEX-08M2NA0', 'N', NULL, '', 'N'),
	(311, 35, '의료진 01', 'Win 10', '2069', 'x', 'x', '253', 'O', '간호용', 'DB-A150-PA0H2C', '2011-04-01', 'G41', 'E5800', '6Gb', '', '0 / ssd', 'N', NULL, '', 'N'),
	(312, 36, '간호데스크 03', 'Win 11', '2071', '한글 10', 'office 13', '254', 'O', '간호용', 'DB400T2A-C8B/C', '2013-03-01', 'H61', 'I5-2500', '8Gb', '', '0 / WD10EZEX-00BN5A0 / 알약 작업표시줄 안뜸', 'N', NULL, '', 'N'),
	(313, 36, '간호데스크 02', 'Win 7', '2072', '뷰어 10', 'Stater 10', '255', 'X', '간호용', 'DB-A150-PA0H2C', '2011-03-01', 'G41', 'E5800', '4Gb', '', '0 / HDS721032CL362', 'N', NULL, '', 'N'),
	(314, 36, '간호데스크 01', 'Win 11 pro', '2073', '뷰어 10', 'x', '256', 'X', '간호용', 'DB-A150-PA0H2C', '2024-08-01', '', 'i5-14400', '8Gb', '', '0 / MZVL4256HBJD-00B / 리브레 office', 'N', NULL, '', 'N'),
	(315, 37, '간호데스크 02', 'Win 11 Pro', '2074', 'x', 'x', '257', 'X', '간호용', 'DM500TGZ-AD5AB', '2024-05-01', 'H670', 'I5-14400', '8Gb', '', '0 / MZVL4256HBJD-00B', 'N', NULL, '', 'N'),
	(316, 37, '간호데스크 01', 'Win 11 Pro', '2075', 'x', 'x', '258', 'O', '간호용', 'DM500TGZ-AD5AB', '2024-04-01', 'H670', 'I5-14400', '8Gb', '', '0 / MZVL4256HBJD-00B / ps메신저 빨간불', 'N', NULL, '', 'N'),
	(317, 37, '간호데스크 03', 'Win 10 pro', '2076', 'x', 'Excel 10', '259', 'O', '간호용', 'DB-A150-PA0H2C', '2011-04-01', 'G41', 'E5800', '4Gb', '', '0 / ssd', 'N', NULL, '', 'N'),
	(318, 37, '간호데스크 04', 'Win 10', '2077', '한글 10', 'office 10', '260', 'O', '간호용', 'DB400T2A-C8B/C', '2013-03-01', 'H61', 'I5-2500', '8Gb', '', '0 / hdd', 'N', NULL, '', 'N'),
	(319, 47, '병원장실', 'Win 10', '2080', '한컴오피스 2010', 'MS 2010', '261', 'O', '업무용', 'DB400TCA', '2021-09-01', 'H310', 'G5420', '8Gb', '', '', 'N', NULL, '', 'N'),
	(320, 38, '간호과장01', 'Win 10', '2085', '한글 10', 'office 10', '323', 'O', '업무용', 'DB400T9A-Z0D/C', '2019-10-01', 'H310', 'G5420', '8Gb', '', '0 / ssd / 알약 실행이 안됌', 'N', NULL, '', 'N'),
	(321, 38, '간호과장02', 'Win 10 pro', '2086', '한글 10', 'office 10', '324', 'O', '업무용', 'DB400T9A-Z0D/C', '2020-04-01', 'H310', 'G5420', '8Gb', '', '0 / ssd', 'N', NULL, '', 'N'),
	(322, 47, '인사 담당 01', 'Win 10 pro', '3183', '한컴오피스 2010', 'MS 2010', '281', 'O', '업무용', 'DB400T6B-AOS/C', '2016-09-01', 'H110', 'G4400', '8Gb', '', '0 / ssd', 'N', NULL, '', 'N'),
	(323, 47, '인사 담당 02', 'Win 10 pro', '3185', '한글 2010', 'office 2010', '282', 'O', '업무용', 'DB400T6B-AOS/C', '2016-09-01', 'H110', 'G4400', '8Gb', '', '0 / ssd', 'N', NULL, '', 'N'),
	(324, 47, '총무과장', 'Win 10 pro', '3188', '한글 2010', 'office 2016', '279', 'O', '업무용', 'DB400T7A-Z14/C', '2018-11-01', 'H110', 'G4560', '8Gb', '', '0 / ssd', 'N', NULL, '', 'N'),
	(325, 47, '구매 담당 01', 'Win 10', '3186', '한글 2010', 'office 2010', '278', 'O', '업무용', 'DB400TCA-Y37/C', '2021-01-01', 'H470', 'G6400', '8Gb', '', '0 / ssd', 'N', NULL, '', 'N'),
	(326, 47, '기획홍보 담당', 'Win 10', '3184', '한글 10', 'office 10', '280', 'O', '업무용', 'DB400T2A', '2013-03-01', 'H61', 'I7-2600', '8Gb', '', '0 / hdd', 'N', NULL, '', 'N'),
	(327, 47, '인사 담당03', 'Win 10', '3191', '한글 2010', 'Excel 07', '341', 'O', '업무용', 'DB400S2A-B49/C', '2013-12-01', 'H61', 'I3-3220', '8Gb', '', 'Slim PC / 0 / ssd', 'N', NULL, '', 'N'),
	(328, 47, '총무 인턴02', 'Win 10', '2197', '한글 2010', 'office 13', '339', 'O', '업무용', 'DB400T2A', '2013-03-01', 'H61', 'G645', '8GB', '', '0 / ssd', 'N', NULL, '', 'N'),
	(329, 49, '회계팀 01', 'Win 10', '3179', '한글 2010', 'office 2010', '283', 'O', '업무용', 'DB400T7A-Z14/C', '2018-11-01', 'H110', 'G4560', '4Gb', '', '0 / ssd', 'N', NULL, '', 'N'),
	(330, 49, '회계팀 02', 'Win 10', '3182', '한글 2010', 'Excel 10', '284', 'O', '업무용', 'DB-A150-PA0H2C', '2011-03-01', 'H61', 'I7-2600', '8Gb', '', '0 / ssd', 'N', NULL, '', 'N'),
	(331, 41, '심사과 01', 'Win 10 pro', '2245', '한글 10', 'office 10', '267', 'O', '업무용', 'DM500T9Z-AD7A', '2020-01-01', 'H310', 'G5420', '8Gb', '', '0 / ssd', 'N', NULL, '', 'N'),
	(332, 41, '심사과 02', 'Win 11 pro', '2246', '한글 10', 'Excel 10', '268', 'O', '업무용', 'DM500T8Z-AD2A', '2019-02-01', 'H310', 'G5400', '8Gb', '', '0 / ssd', 'N', NULL, '', 'N'),
	(333, 41, '심사과 03', 'Win 10 pro', '2247', '한글 10', 'office 2010', '269', 'O', '업무용', 'DB400T6B-AOS/C', '2016-09-01', 'H110', 'G4400', '8Gb', '', '0 / ssd', 'N', NULL, '', 'N'),
	(334, 41, '심사과 04', 'Win 11', '2248', '한글 10', 'Excel 13', '270', 'O', '업무용', 'DB400T2A-C8B/C', '2013-03-01', 'H61', 'I5-2500', '8Gb', '', '0 / ssd', 'N', NULL, '', 'N'),
	(335, 41, '심사과 05', 'Win 10 pro', '2249', '한글 10', 'Excel 10', '271', 'O', '업무용', 'DB400T7B', '2018-01-01', 'H61', 'G4400', '8Gb', '', '0 / ssd', 'N', NULL, '', 'N'),
	(336, 59, '세미나실', 'Win 10', '2252', '한글 14', 'office 16', '263', 'O', '관리용', 'DB400T2A-C8B/C', '2014-01-01', 'H81', 'G3240', '8Gb', '', '', 'N', NULL, '', 'N'),
	(337, 46, '영양사실 01', 'Win 10', '3177', '한글 10', 'office 10', '264', 'O', '업무용', 'DB-P400-PC2I4S', '2012-03-01', 'H61', 'G850', '8Gb', '', '0 / hdd', 'N', NULL, '', 'N'),
	(338, 46, '영양사실 02', 'win 10', '3178', '한글 10', 'office 10', '125', 'O', '업무용', 'DB400T6B-A0S/C', '2013-02-01', 'H61', 'G645', '8Gb', '', '0 / ssd', 'N', NULL, '', 'N'),
	(339, 46, '영양사실 03', 'Win 11', '3176', '한글 10', 'office 10', '266', 'O', '업무용', 'DM501TGA-U0N/C', '2024-12-01', '', 'i5-14400', '16Gb', '', '0 / MZVL4256HBJD-00B', 'N', NULL, '', 'N'),
	(340, 60, '연구실 01', 'win 10', '3081', '한글 14', 'office 13', '285', 'O', '업무용', 'DB400T6B-AOS/C', '2016-09-01', 'H110', 'G4400', '8GB', '', '', 'N', NULL, '', 'N'),
	(341, 60, '연구실 03 (김보영 원장)', 'win 10', '3083', '한글 10', 'office 10', '286', 'O', '업무용', 'DB400T6B-G0D/C', '2017-02-01', 'H110', 'G4400', '8GB', '', 'GPU GTX1050', 'N', NULL, '', 'N'),
	(342, 60, '연구실04 (박재영 원장)', 'win 11', '3084', '한글2014', 'MS 2016', '350', '설치', '업무용', 'DB501TGA-Z09', '2025-02-01', '', 'i5-14400', '16GB', '', '', 'N', NULL, '', 'N'),
	(343, 60, '연구실 05 (이영철 원장)', 'win 10', '3085', '한글 10', 'office 10', '287', 'O', '업무용', 'DB400T6B-G0D/C', '2017-02-01', 'H110', 'G4400', '8GB', '', '', 'N', NULL, '', 'N'),
	(344, 60, '연구실 06 (한　철 원장)', 'win 10', '3086', '한글 10', 'office 10', '288', 'O', '업무용', 'DB400TCA-Y37IC', '2021-01-01', 'H310', 'G6400', '8Gb', '', 'GPU NVS 295', 'N', NULL, '', 'N'),
	(345, 60, '연구실 07 (박선호 행정부장)', 'Win 10', '3180', '한글 10', 'office 10', '277', 'O', '업무용', 'DB400T6B-A0S/C', '2016-09-01', 'H110', 'G4400', '8Gb', '', '', 'N', NULL, '', 'N'),
	(346, 60, '연구실 08 (박종철 원장)', 'win 11', '3088', '한글 10', 'office 10', '289', 'O', '업무용', 'DB400T9A-20D/C', '2017-01-01', 'H310', 'G5420', '8Gb', '', 'Carddas', 'N', NULL, '', 'N'),
	(347, 60, '연구실 99 (KS 메디컬)', 'Win 11', '3089', '한글10', 'office 10', '276', 'O', '업무용', 'DB400T9A-20D/C', '2020-01-01', 'H310', 'G5420', '4Gb', '', '', 'N', NULL, '', 'N'),
	(348, 39, '교육실 담당자', 'Win 10', '3148', '한글 2010', 'office 2013', '272', 'O', '업무용', '', '2021-01-01', '', 'I3-10110U', '8Gb', '', 'MSI 일체형PC(24`) / 0 / ssd', 'N', NULL, '', 'N'),
	(349, 39, '교육실 담당자02', 'win 10', '3248', '한글10', 'office13', '338', 'O', '업무용', 'HP All-In-One 22 C1xx', '2020-01-01', '', 'Ryzen3 3200U', '8GB(6GB)', '', 'HP 일체형PC(22`) / 0 / ssd', 'N', NULL, '', 'N'),
	(350, 61, '보건관리 담당자', 'Win 10', '3149', '한글 2010', 'office 2010', '274', 'O', '업무용', 'DB400T6B-AOS/C', '2016-09-01', 'H110', 'G4400', '8Gb', '', '0 / ssd', 'N', NULL, '', 'N'),
	(351, 62, '적정관리 담당자', 'Win 11', '2237', '한컴오피스 2010', 'office 2013', '344', 'O', '업무용', '', '2021-01-01', '', 'i3-10110U', '16Gb', '', 'MSI 일체형PC(24`) / 0 / ssd', 'N', NULL, '', 'N'),
	(353, 52, '소변안내 01', 'Win 7', '3066', '', 'MS 2010 Starter', '3066', '설치', '', 'c8bIc', '2012-03-01', '', 'G2020', '4Gb', '', '소변안내 01/ 0', 'N', NULL, '', 'N'),
	(354, 52, '소변안내 02', 'Win 7', '3067', 'x', 'MS 2010 Starter', '034', '설치', '', 'c213s', '2013-02-01', '', 'G2020', '4Gb', '', '소변안내 02/ 0 ', 'N', NULL, '', 'N'),
	(355, 50, '응급센터 심전도 모니터', 'win 11', '192.168.0.15', 'x', 'x', 'x', 'x', '업무용', 'DM500TGA-A58AB', '2024-05-01', 'G41', 'i5-14400', '8g', '', '0 /', 'N', NULL, '', 'N'),
	(356, 55, 'x-ray 촬영', 'Win 7', '169.254.0.55', 'x', 'x', 'x', 'x', '업무용', 'DK', '2018-12-07', '', 'i5-7500', '4', '', '', 'N', NULL, '', 'N'),
	(357, 55, '영상 작업용', 'Win 7', '1.147', 'x', 'x', 'x', 'x', '작업용', 'hp', NULL, '', 'intel w-2133', '32g', '', '영상 작업 프로그램 1개만 설치 되어 있음 / 0', 'N', NULL, '', 'N'),
	(358, 17, '진료실 심장내과 01', 'win 11 pro', '2018', 'x', 'x', '2018', 'O', 'H670', 'DM501TGA-Z09/C', '2025-02-01', '', 'i5-14400', '16G', '', '0 / ', 'N', NULL, '', 'N'),
	(359, 17, '간호데스크 심장내과 01', 'win 11 pro', '1089', 'x', 'x', '141', 'x', '', 'DB400T9A-Z2G/C', '2020-03-01', 'H310', 'G5420', '8G', '', '0 /', 'N', NULL, '', 'N'),
	(360, 67, 'SA 휴게실', 'Win 7', '2091', '한글 10', 'starter 10', '331', 'x', '업무용', 'DM-V600-PA05G', '2011-12-01', 'C200', 'G2020', '4G', '', '0 / HDS721050CLA362', 'N', NULL, '', 'N'),
	(361, 52, '내시경 예진실', 'win 11', '3102', '한글 2014', 'office 2016', '351', 'x', '업무용', 'DM500TGA-A58AB', '2024-05-01', '', 'i5-14400', '8G', '', '0 / MZVL4256HBJD-00B', 'N', NULL, '', 'N'),
	(362, 54, '초음파실 판독실 03', 'win10 pro', '1195', 'x', 'x', '155', 'x', '판독용', 'Dell PC', '2025-05-26', '', 'i7-6700', '8G', '', '0 / ST500DM002-1BD142', 'N', NULL, '', 'N'),
	(363, 54, ' 초음파/장비데스크 1', 'win10', '3038', '뷰어 10', 'x', '032', 'o', '업무용', 'DB400T2A', '2013-03-01', '', 'G2020', '8GB', '', '0 / ST500DM002-1BD142', 'N', NULL, '', 'N'),
	(364, 54, '초음파실 판독실 02', 'win10 pro', '1194', 'x', 'x', '319', 'x', '판독용', 'Dell PC', '2025-05-26', '', 'i7-6700', '16G', '', '0 / ssd', 'N', NULL, '', 'N'),
	(365, 54, ' 초음파/장비 데스크 2', 'Win 7', '3058', 'x', 'starter2010', '049', 'x', '업무용', 'DM-V200', '2010-09-01', '', 'E7500', '4G', '', '0 / WD3200AAJS-60M0A1', 'N', NULL, '', 'N'),
	(366, 54, '초음파 판독실 04', 'win10 pro', '1192', '한글 2014', 'office 2010', 'x', 'x', '판독용', 'Dell PC', '2025-05-26', '', 'E5-1660', '', '', '0 / ssd', 'N', NULL, '', 'N'),
	(367, 52, '폐기능 검사실 02', 'win10', '1068', 'x', 'x', '359', 'O', '업무용', 'DB-A150-PA0H2C', '2011-04-01', '', 'E5800', '4G', '', '0 / ssd', 'N', NULL, '', 'N'),
	(368, 33, '05층 간호부', 'win 10 pro', '2059', '한글 2010', 'office 2010', '244', 'O', '간호용', 'HP PC', '2025-05-27', '', 'i5-760', '8Gb', '', '0 / SSD / 생산일 없음', 'N', NULL, '', 'N'),
	(369, 37, '7B 의료진 01', 'win10', '2081', 'x', 'x', '336', 'o', '업무용', 'DB400T2A', '2025-05-27', '', 'G2020', '4G', '', '0 / ssd / 생산일 없음', 'N', NULL, '', 'N'),
	(370, 26, '진료실 판독의 01', 'win 11 pro', '1178', '한컴오피스 뷰어', 'x', '1178', 'O', '판독용', '', '2025-03-01', '', 'AMD 9900X', '32G', '', '0 / SHPP51-1000GM', 'N', NULL, '', 'N'),
	(371, 26, '진료실 판독의 03', 'win 11 pro', '1179', 'x', 'x', '1179', 'O', '판독용', '', '2025-03-01', '', 'AMD 9900X', '32G', '', '0 / SHPP51-1000GM', 'N', NULL, '', 'N'),
	(372, 25, 'G11 장비 컴퓨터', 'win10 pro', '2089', 'x', 'x', 'x', 'x', '장비용', '마이크로닉스', '2025-05-28', '', 'i5-13500', '8', '', '업체 컴퓨터 / 0', 'N', NULL, '', 'N'),
	(373, 25, 'Cobas-E801', 'win10 pro', '2126', 'x', 'x', '187', 'x', '업무용', 'Dell PC', '2025-05-28', '', 'X3430', '16G', '', '0 / DELL PERC H700', 'N', NULL, '', 'N'),
	(374, 63, '진료실 흉부외과 02', 'win11 pro', '2030', '한글 2014', 'office 2016', '146', 'O', '진료용', 'DM500TD-A38AL', '2022-02-01', '', 'i3-10105', '8', '', '0 / MZVLQ256HAJD-000', 'N', NULL, '', 'N');

-- 테이블 ks.department 구조 내보내기
CREATE TABLE IF NOT EXISTS `department` (
  `department_id` int(11) NOT NULL AUTO_INCREMENT COMMENT '부서 키값',
  `department_name` varchar(255) DEFAULT NULL,
  `department_floor` varchar(255) DEFAULT NULL,
  `del` varchar(255) DEFAULT NULL,
  PRIMARY KEY (`department_id`)
) ENGINE=InnoDB AUTO_INCREMENT=68 DEFAULT CHARSET=utf8mb4 COLLATE=utf8mb4_uca1400_ai_ci;

-- 테이블 데이터 ks.department:~64 rows (대략적) 내보내기
INSERT INTO `department` (`department_id`, `department_name`, `department_floor`, `del`) VALUES
	(1, '입력테스트 2', '1', 'Y'),
	(2, 'test', '2', 'Y'),
	(3, '입력테스트', '2', 'Y'),
	(4, '영상의학과1F', '1', 'N'),
	(5, '원무과', '1', 'N'),
	(6, '안내데스크', '1', 'N'),
	(7, '감염관리실', '1', 'N'),
	(8, '정형외과', '1', 'N'),
	(9, '약제과', '1', 'N'),
	(10, '전산실1F', '1', 'N'),
	(11, '진료협력실', '1', 'N'),
	(12, '신경외과', '1', 'N'),
	(13, '주사실', '1', 'N'),
	(14, '무인수납기', '1', 'N'),
	(15, '재활치료실', '2', 'N'),
	(16, '내과', '2', 'N'),
	(17, '심장내과', '2', 'N'),
	(18, '전산실', '2', 'N'),
	(19, '신경과', '2', 'N'),
	(20, '외과', '2', 'N'),
	(21, '소아청소년과', '2', 'N'),
	(22, '치과', '2', 'N'),
	(23, '원무과2F', '2', 'N'),
	(24, '내시경실', '2', 'N'),
	(25, '진단검사실', '2', 'N'),
	(26, '영상의학과2F', '2', 'N'),
	(27, '인공신장실', '3', 'N'),
	(28, '중앙공급실', '3', 'N'),
	(29, '심혈관조영실', '3', 'N'),
	(30, '중환자실', '3', 'N'),
	(31, '수술실', '3', 'N'),
	(32, '5A병동', '5', 'N'),
	(33, '5B병동', '5', 'N'),
	(34, '6A병동', '6', 'N'),
	(35, '6B병동', '6', 'N'),
	(36, '7A병동', '7', 'N'),
	(37, '7B병동', '7', 'N'),
	(38, '간호과장실', '8', 'N'),
	(39, '교육실', '8', 'N'),
	(40, '병원장실', '8', 'N'),
	(41, '심사과', '8', 'N'),
	(42, '연구실03', '8', 'N'),
	(43, '연구실04', '8', 'N'),
	(44, '연구실06', '8', 'N'),
	(45, '연구실08', '8', 'N'),
	(46, '영양실', '8', 'N'),
	(47, '총무과', '8', 'N'),
	(48, '행정부장실', '8', 'N'),
	(49, '회계팀', '8', 'N'),
	(50, '응급센터', '1', 'N'),
	(51, '관리과', '지하', 'N'),
	(52, '종합검진', '지하', 'N'),
	(53, '토너 등록', '1', 'Y'),
	(54, '영상의학과B1', '지하', 'N'),
	(55, '영상의학과ER', '1', 'N'),
	(56, '간호부', '1', 'N'),
	(57, '간호부2F', '2', 'N'),
	(58, 'ANGIO실', '3', 'N'),
	(59, '세미나실', '8', 'N'),
	(60, '연구실', '8', 'N'),
	(61, '보건관리', '8', 'N'),
	(62, '적정관리', '8', 'N'),
	(63, '흉부외과', '2', 'N'),
	(64, '재활의학과', '1', 'N'),
	(65, '내시경실B1', '지하', 'Y'),
	(66, '신장내과', '2', 'N'),
	(67, 'SA', '3', 'N');

-- 테이블 ks.monitor 구조 내보내기
CREATE TABLE IF NOT EXISTS `monitor` (
  `monitor_id` int(11) NOT NULL AUTO_INCREMENT,
  `department_id` int(11) NOT NULL COMMENT '부서 키값',
  `monitor_place` varchar(30) NOT NULL COMMENT '배치장소',
  `monitor_unique` varchar(30) DEFAULT NULL COMMENT '원내고유번호',
  `monitor_manufacturer` varchar(30) DEFAULT NULL COMMENT '제조회사',
  `monitor_sale_date` date DEFAULT NULL COMMENT '구입년도',
  `monitor_size` varchar(10) DEFAULT NULL COMMENT '사이즈',
  `monitor_text` varchar(30) DEFAULT NULL COMMENT '메모',
  `monitor_del` varchar(1) DEFAULT NULL COMMENT '폐기 여부 (Y/N)',
  `monitor_del_date` date DEFAULT NULL COMMENT '폐기 날짜',
  `monitor_del_text` varchar(50) DEFAULT NULL COMMENT '폐기 사유',
  `del` varchar(1) NOT NULL COMMENT '삭제 플래그 값 / Y or N',
  PRIMARY KEY (`monitor_id`),
  KEY `fk_monitor_department` (`department_id`),
  CONSTRAINT `fk_monitor_department` FOREIGN KEY (`department_id`) REFERENCES `department` (`department_id`)
) ENGINE=InnoDB AUTO_INCREMENT=531 DEFAULT CHARSET=utf8mb4 COLLATE=utf8mb4_uca1400_ai_ci;

-- 테이블 데이터 ks.monitor:~529 rows (대략적) 내보내기
INSERT INTO `monitor` (`monitor_id`, `department_id`, `monitor_place`, `monitor_unique`, `monitor_manufacturer`, `monitor_sale_date`, `monitor_size`, `monitor_text`, `monitor_del`, `monitor_del_date`, `monitor_del_text`, `del`) VALUES
	(1, 51, '관리과 01 (팀장)', '', 'VS', '2010-10-01', '27`', 'VS 27` - 2010.10', 'N', NULL, '', 'N'),
	(2, 51, '관리과 02', '', 'LG', '2017-03-01', '24`', 'LG 24` - 2017.03', 'N', NULL, '', 'N'),
	(3, 51, '관리과 03', '', 'HP', '2011-01-01', '22`', 'BQ 24` - 2024', 'N', NULL, '', 'N'),
	(4, 51, '관리과 04', '', 'SS', '2011-03-01', '19`', 'SS 19` - 2011.03', 'N', NULL, '', 'N'),
	(5, 51, '관리과05 인터넷전용', '', 'VS', '2007-11-01', '20', 'VS 19` - 2007.11', 'N', NULL, '', 'N'),
	(6, 51, '관리과 06 (안전관리담당)', '', 'SS', '2011-03-01', '19`', 'SS 19` - 2011.03', 'N', NULL, '', 'N'),
	(7, 51, '관리과 07 CCTV 감시01', '', 'BQ', '2011-07-01', '27`', 'BQ 27` - 2011.07', 'N', NULL, '', 'N'),
	(8, 51, '관리과 08 CCTV 감시02 (응급센터)', '', 'HP', NULL, '22`', 'HP 22` - ?', 'N', NULL, '', 'N'),
	(9, 51, '에어슈트01', '', 'SS', '2011-03-01', '19`', 'SS 19` - 2011.03', 'N', NULL, '', 'N'),
	(10, 51, '에어슈트02', '', 'SS', '2011-03-01', '19`', 'SS 19` - 2011.03', 'N', NULL, '', 'N'),
	(11, 51, '주차관제', '', 'BQ', '2022-01-01', '24`', 'BQ 24` - 2022 ', 'N', NULL, '', 'N'),
	(12, 51, '난방제어 (V200)', '', 'SS', '2011-02-01', '22`', 'SS 22` - 2011.02', 'N', NULL, '', 'N'),
	(13, 52, '종합검진 센터장 (내선9003)', '', 'SS', '2014-08-01', '19`', 'SS 19` - 2014.08', 'N', NULL, '', 'N'),
	(14, 52, '종합검진 과장 (내선9345)', '', 'VS', '2011-01-01', '19`', 'VS 19` - 2011', 'N', NULL, '', 'N'),
	(15, 52, '종합검진 차장 (내선9261)', '', 'SS', '2020-01-01', '24`', 'SS 24` - 2020 ', 'N', NULL, '', 'N'),
	(16, 52, '종합검진 04 내선9302', '', 'SS', '2011-03-01', '19`', 'SS 19` - 2011.03', 'N', NULL, '', 'N'),
	(17, 52, '종합검진 05 내선9300', '', 'VS', '2011-01-01', '19`', 'VS 19` - 2011', 'N', NULL, '', 'N'),
	(18, 52, '종합검진 06 내선9303', '', 'SS', '2014-08-01', '19`', 'SS 19` - 2014.08', 'N', NULL, '', 'N'),
	(19, 52, '종합검진 07 내선9100', '', 'SS', '2011-03-01', '19`', 'SS 19` - 2011.03', 'N', NULL, '', 'N'),
	(20, 52, '종합검진 08 내선9009', '', 'SS', '2017-01-01', '19`', 'SS 19` - 2017.01', 'N', NULL, '', 'N'),
	(21, 52, '종합검진 09 내선9301', '', 'SS', '2019-04-01', '19`', 'SS 19` - 2019.04', 'N', NULL, '', 'N'),
	(22, 52, '종합검진 10 내선9264', '', 'SS', '2019-03-01', '19`', 'SS 19` - 2019.03', 'N', NULL, '', 'N'),
	(23, 52, '종합검진 11 내선9263', '', 'HP', '2020-10-01', '22`', 'HP 22` - 2020.10', 'N', NULL, '', 'N'),
	(24, 52, '종합검진 12 내선9305', '', 'SS', '2017-01-01', '19`', 'SS 19` - 2017.01', 'N', NULL, '', 'N'),
	(25, 52, '종합검진 13 내선9265', '', 'SS', '2015-04-01', '19`', 'SS 19` - 2015.04', 'N', NULL, '', 'N'),
	(26, 52, '종합검진 14 내선9262', '', 'SS', '2017-01-01', '19`', 'SS 19` - 2017.01', 'N', NULL, '', 'N'),
	(27, 52, '종합검진 15 내선9307', '', 'LG', '2019-02-01', '24`', 'LG 24` - 2019.02', 'N', NULL, '', 'N'),
	(28, 52, '종합검진 16 내선9091', '', 'SS', '2016-11-01', '19`', 'SS 19\' - 2016.11', 'N', NULL, '', 'N'),
	(29, 52, '종합검진 17 내선9188', '', 'SS', '2016-11-01', '19`', 'SS 19\' - 2016.11', 'N', NULL, '', 'N'),
	(30, 52, '종합검진 18 내선9189', '', 'SS', '2016-11-01', '19`', 'SS 19\' - 2016.11', 'N', NULL, '', 'N'),
	(31, 52, '종합검진 결과처리 01', '', 'SS', '2016-11-01', '19`', 'SS 19` - 2016.11', 'N', NULL, '', 'N'),
	(32, 52, '종합검진 결과처리 02', '', 'SS', '2011-03-01', '19`', 'SS 19` - 2011.03', 'N', NULL, '', 'N'),
	(33, 52, '종합검진 결과처리 03', '', 'SS', '2016-11-01', '19`', 'SS 19` - 2016.11', 'N', NULL, '', 'N'),
	(34, 52, '종합검진 결과처리 04', '', 'SS', '2016-11-01', '19`', 'SS 19` - 2016.11', 'N', NULL, '', 'N'),
	(35, 52, '종합검진 결과처리 05', '', 'SS', '2018-11-01', '19`', 'SS 19` - 2018.11', 'N', NULL, '', 'N'),
	(36, 52, '종합검진 결과처리 06', '', 'SS', '2019-03-01', '19`', 'SS 19` - 2019.03', 'N', NULL, '', 'N'),
	(37, 52, '종합검진 결과처리 07', '', 'SS', '2018-11-01', '19`', 'SS 19` - 2018.11', 'N', NULL, '', 'N'),
	(38, 52, '접수 01', '', 'SS', '2011-02-01', '19`', 'SS 19` - 2011.02', 'N', NULL, '', 'N'),
	(39, 52, '접수 02', '', 'SS', '2011-02-01', '19`', 'SS 19` - 2011.02', 'N', NULL, '', 'N'),
	(40, 52, '접수 03', '', 'SS', '2016-10-01', '19`', 'SS 19` - 2016.10', 'N', NULL, '', 'N'),
	(41, 52, '접수 04', '', 'SS', '2016-10-01', '19`', 'SS 19` - 2016.10', 'N', NULL, '', 'N'),
	(42, 52, '탈의실인포 01', '', 'SS', '2012-05-01', '19`', 'SS 19` - 2012.05', 'N', NULL, '', 'N'),
	(43, 52, '탈의실인포 02', '', 'SS', '2019-03-01', '19`', 'SS 19` - 2019.03', 'N', NULL, '', 'N'),
	(44, 52, '종합검진 탈의접수01', '', 'SS', '2019-01-01', '19`', 'SS 19` - 2019', 'N', NULL, '', 'N'),
	(45, 52, '종합검진 탈의접수02', '', 'SS', '2020-01-01', '19`', 'SS 19` - 2020', 'N', NULL, '', 'N'),
	(46, 52, '초음파실', '', 'SS', '2013-11-01', '19`', 'SS 19` - 13.11', 'N', NULL, '', 'N'),
	(47, 52, '간호데스크 부인과', '', 'SS', '2011-07-01', '19`', 'SS 19` - 2011.07', 'N', NULL, '', 'N'),
	(48, 52, '간호데스크 직업환경의학과 01', '', 'SS', '2011-03-01', '19`', 'SS 19` - 2011.03', 'N', NULL, '', 'N'),
	(49, 52, '간호데스크 직업환경의학과 02', '', 'SS', '2011-03-01', '19`', 'SS 19` - 2011.03', 'N', NULL, '', 'N'),
	(50, 52, '채혈실 01', '', 'SS', '2016-10-01', '19`', 'SS 19` - 2016.10', 'N', NULL, '', 'N'),
	(51, 52, '채혈실 02', '', 'SS', '2016-10-01', '19`', 'SS 19` - 2016.10', 'N', NULL, '', 'N'),
	(52, 52, '채혈실 03', '', 'SS', '2018-12-01', '19`', 'SS 19` - 2018.12', 'N', NULL, '', 'N'),
	(53, 52, '심전도실 01', '', 'SS', '2016-10-01', '19`', 'SS 19` - 2016.10', 'N', NULL, '', 'N'),
	(54, 52, '심전도실 02', '', 'SS', '2016-11-01', '19`', 'SS 24` - 2016.11', 'N', NULL, '', 'N'),
	(55, 52, '폐기능 검사실', '', 'SS', '2013-12-01', '19`', 'SS 19` - 2013.12', 'N', NULL, '', 'N'),
	(56, 52, '청력검사01', '', 'SS', '2011-03-01', '19`', 'SS 19` - 2011.03', 'N', NULL, '', 'N'),
	(57, 52, '청력검사02', '', 'SS', '2011-03-01', '19`', 'SS 19` - 2011.03', 'N', NULL, '', 'N'),
	(58, 52, '신체계측실', '', 'SS', '2016-10-01', '19`', 'SS 19` - 2016.10', 'N', NULL, '', 'N'),
	(59, 52, '안져촬영검사실', '', 'HM', NULL, '20`', 'HM 20`', 'N', NULL, '', 'N'),
	(60, 52, '동맥경화', '', 'JY', NULL, '19`', 'JY 19`', 'N', NULL, '', 'N'),
	(61, 52, '스트레스검사실', '', '그린씨엔씨', NULL, '24`', '그린cnc 24`', 'N', NULL, '', 'N'),
	(62, 52, '체성분검사실', '', 'SS', '2012-05-01', '19`', 'SS 19` - 2012.05', 'N', NULL, '', 'N'),
	(63, 52, '진료실 직업환경의학과 01', '', 'DELL', '2020-09-01', '24`', 'DELL 24` - 2020.09', 'N', NULL, '', 'N'),
	(64, 52, '진료실 직업환경의학과 02', '', 'PH', '2024-01-01', '24`', 'PH 24` - 2024.03', 'N', NULL, '', 'N'),
	(65, 52, '진료실 부인과', '', 'SS', '2011-03-01', '19`', 'SS 19` - 2011.03', 'N', NULL, '', 'N'),
	(66, 52, '진료실 내과01(내시경) 이영철 원장', '', 'DELL', '2020-01-01', '24`', 'DELL 24` - 2020', 'N', NULL, '', 'N'),
	(67, 52, '진료실 내과02(내시경) 강은미 원장', '', 'DELL', '2020-01-01', '24`', 'DELL 24` - 2020', 'N', NULL, '', 'N'),
	(68, 52, '진료실 가정의학01(내시경) 이건용 원장', '', 'DELL', '2020-01-01', '24`', 'DELL 24` - 2020', 'N', NULL, '', 'N'),
	(69, 52, '진료실 가정의학02(내시경) 고경남 원장', '', 'DELL', '2019-04-01', '24`', 'DELL 24` - 2019.04', 'N', NULL, '', 'N'),
	(70, 52, '진료실 가정의학과01', '', 'SS', '2020-12-01', '24`', 'SS 24` - 2020.12', 'N', NULL, '', 'N'),
	(71, 52, '진료실 가정의학과02', '', 'SS', '2020-12-01', '24`', 'SS 24` - 2020.12', 'N', NULL, '', 'N'),
	(72, 52, '진료실 직업환경의학과05', '', 'SS', '2020-12-01', '24`', 'SS 24` - 2020.12', 'N', NULL, '', 'N'),
	(73, 52, '진료실 판독의 04', '', 'DELL', '2013-01-01', '24`', 'DELL 24` - 2013', 'N', NULL, '', 'N'),
	(74, 52, '진료실 판독의 05', '', 'DELL', '2020-01-01', '24`', 'DELL 24` - 2020', 'N', NULL, '', 'N'),
	(75, 52, '진료실 판독의 06', '', 'SS', '2017-07-01', '24`', 'SS 24` - 2017.07', 'N', NULL, '', 'N'),
	(76, 52, '내시경실 간호데스크 01', '', 'SS', '2011-06-01', '19`', 'SS 19` - 2011.06', 'N', NULL, '', 'N'),
	(77, 52, '내시경실 간호데스크 02', '', 'SS', '2017-01-01', '19`', 'SS 19` - 2017.01', 'N', NULL, '', 'N'),
	(78, 52, '내시경실 의료진데스크 01', '', 'SS', '2011-03-01', '19`', 'SS 19` - 2011.03', 'N', NULL, '', 'N'),
	(79, 52, '내시경실 판독02', '', '', NULL, '', 'MSI 일체형 PC', 'N', NULL, '', 'N'),
	(80, 52, '내시경실 판독03', '', '', NULL, '', 'MSI 일체형 PC', 'N', NULL, '', 'N'),
	(81, 52, '내시경실 판독04', '', '', NULL, '', 'MSI 일체형 PC', 'N', NULL, '', 'N'),
	(82, 52, '내시경실 판독05', '', '', NULL, '', 'MSI 일체형 PC', 'N', NULL, '', 'N'),
	(83, 52, 'Olympus Gate Way 01', '', 'LM', NULL, '19`', 'LM 19` - 확인불가', 'N', NULL, '', 'N'),
	(84, 52, 'Olympus Gate Way 02', '', 'LG', '2010-01-01', '17`', 'LG 17` - 2010', 'N', NULL, '', 'N'),
	(85, 52, 'Olympus Gate Way 03', '', 'SS', '2012-01-01', '19`', 'SS 19` - 2012', 'N', NULL, '', 'N'),
	(86, 52, 'Olympus Gate Way 04', '', 'LG', '2010-01-01', '17`', 'LG 17` - 2010', 'N', NULL, '', 'N'),
	(87, 52, 'Olympus Gate Way 05', '', 'LM', NULL, '19`', 'LM 19` - 확인불가', 'N', NULL, '', 'N'),
	(88, 54, '영상 접수대', '', 'SS', '2016-11-01', '19`', 'SS 19` - 2016.11', 'N', NULL, '', 'N'),
	(89, 54, 'X-Ray 접수', '', 'SS', '2011-03-01', '19`', 'SS 19` - 2011.03', 'N', NULL, '', 'N'),
	(90, 54, 'X-Ray GW', '', 'HP', '2010-01-01', '22`', 'HP 22` - 2010', 'N', NULL, '', 'N'),
	(91, 54, 'MAMMO 안내', '', 'DELL', '2013-01-01', '19`', 'DELL 19` - 2013', 'N', NULL, '', 'N'),
	(92, 54, 'MAMMO GW', '', 'SS', '2017-10-01', '24`', 'SS 24` - 2017.10', 'N', NULL, '', 'N'),
	(93, 54, '골밀도검사실', '', 'SS', '2018-05-01', '24`', 'SS 24` - 2018.05', 'N', NULL, '', 'N'),
	(94, 52, '원목실 (종교실)', '', '', NULL, '', '', 'N', NULL, '', 'N'),
	(95, 18, '전산실A (Z230)', '', 'BQ', '2021-01-01', '29`', 'BQ 29` - 2021', 'N', NULL, '', 'N'),
	(96, 18, '전산실B (HP)', '', 'SS', '2014-01-01', '32`', 'SS 32` - 2014', 'N', NULL, '', 'N'),
	(97, 18, '전산실C (Z4)', '', 'BQ', '2016-01-01', '32`', 'BQ 32` - 2016', 'N', NULL, '', 'N'),
	(98, 8, '진료실 정형외과 01', '', 'SS', '2011-03-01', '19`', 'SS 19` - 2011.03', 'N', NULL, '', 'N'),
	(99, 8, '진료실 정형외과 02', '', 'SS', '2011-03-01', '19`', 'SS 19` - 2011.03', 'N', NULL, '', 'N'),
	(100, 8, '진료실 정형외과 03', '', 'SS', '2018-01-01', '19`', 'SS 19` - 2018', 'N', NULL, '', 'N'),
	(101, 64, '진료실 재활의학과', '', 'SS', '2013-01-01', '19`', 'SS 19` - 2013', 'N', NULL, '', 'N'),
	(102, 12, '진료실 신경외과 01', '', 'SS', '2020-01-01', '24`', 'SS 24` - 2020', 'N', NULL, '', 'N'),
	(103, 12, '진료실 신경외과 02', '', 'SS', '2011-03-01', '19`', 'SS 19` - 2011.03', 'N', NULL, '', 'N'),
	(104, 8, '간호데스크 정형외과 01', '', '8Gb', '2011-03-01', '19`', 'SS 19` - 2011.03', 'N', NULL, '', 'N'),
	(105, 8, '간호데스크 정형외과 02', '', 'SS', '2011-03-01', '19`', 'SS 19` - 2011.03', 'N', NULL, '', 'N'),
	(106, 8, '간호데스크 정형외과 03', '', 'SS', '2011-12-01', '19`', 'SS 19` - 2011.12', 'N', NULL, '', 'N'),
	(107, 64, '간호데스크 재활의학과 01', '', 'SS', '2017-03-01', '19`', 'SS 19` - 2017.03', 'N', NULL, '', 'N'),
	(108, 12, '간호데스크 신경외과 01', '', 'SS', '2011-03-01', '19`', 'SS 19` - 2011.03', 'N', NULL, '', 'N'),
	(109, 12, '간호데스크 신경외과 02', '', 'SS', '2011-03-01', '19`', 'SS 19` - 2011.03', 'N', NULL, '', 'N'),
	(110, 13, '주사실 01', '', 'SS', '2011-03-01', '19`', 'SS 19` -2011.03', 'N', NULL, '', 'N'),
	(111, 13, '주사실 02', '', 'SS', '2018-11-01', '19`', 'SS 19` - 2018.11', 'N', NULL, '', 'N'),
	(112, 7, '감염관리 01 (내부)', '', 'SS', '2021-01-01', '24`', 'SS 24` - 2021', 'N', NULL, '', 'N'),
	(113, 7, '감염관리 02 (내부)', '', 'SS', '2017-03-01', '19`', 'SS 19` - 2017.03', 'N', NULL, '', 'N'),
	(114, 11, '진료협력 01 (내부)', '', 'BQ', '2022-01-01', '24`', 'BQ 24` - 2022', 'N', NULL, '', 'N'),
	(115, 11, '진료협력 02 (내부)', '', 'SS', '2011-03-01', '19`', 'SS 19` - 2011.03', 'N', NULL, '', 'N'),
	(116, 5, '원무과 사무실 원무과장', '', 'DPL', '2017-08-01', '24`', 'DPL 24` - 2017.08', 'N', NULL, '', 'N'),
	(117, 5, '원무과 사무실 산재', '', 'SS', '2011-03-01', '19`', 'SS 19` - 2011.03', 'N', NULL, '', 'N'),
	(118, 5, '원무과 사무실 자보', '', 'DELL', '2011-01-01', '19`', 'DELL 19` - 2011', 'N', NULL, '', 'N'),
	(119, 5, '원무과 사무실 행정', '', 'JY', '2021-09-01', '24`', 'JY 24`', 'N', NULL, '', 'N'),
	(120, 5, '원무과 사무실 의무기록사', '', 'DELL', '2020-01-01', '24`', 'Dell 24` - 2020', 'N', NULL, '', 'N'),
	(121, 5, '접수수납 01 9046', '', 'SS', '2018-01-01', '24`', 'SS 24` - 2018.01', 'N', NULL, '', 'N'),
	(122, 5, '접수수납 02 9045', '', 'SS', '2018-01-01', '24`', 'SS 24` - 2018.01', 'N', NULL, '', 'N'),
	(123, 5, '접수수납 03 9044', '', 'SS', '2018-01-01', '24`', 'SS 24` - 2018.01', 'N', NULL, '', 'N'),
	(124, 5, '접수수납 04 9043', '', 'SS', '2018-01-01', '24`', 'SS 24` - 2018.01', 'N', NULL, '', 'N'),
	(125, 5, '접수수납 05 9042', '', 'SS', '2018-01-01', '24`', 'SS 24` - 2018.01', 'N', NULL, '', 'N'),
	(126, 5, '접수수납 06 9041', '', 'SS', '2018-01-01', '24`', 'SS 24` - 2018.01', 'N', NULL, '', 'N'),
	(127, 5, '접수수납 07', '', 'UDEA', '2022-01-01', '24`', 'UDEA 24` - 2022', 'N', NULL, '', 'N'),
	(128, 5, '안내데스크', '', 'SS', '2011-03-01', '19`', 'SS 19` - 2011.03', 'N', NULL, '', 'N'),
	(129, 56, '사전연명치료', '', 'BQ', '2022-01-01', '24`', 'BQ 24` - 2022', 'N', NULL, '', 'N'),
	(130, 56, '간호부 회의실', '', 'DELL', '2019-09-01', '24`', 'DELL 24`(2019.09)', 'N', NULL, '', 'N'),
	(131, 9, '약제과 약사 01', '', 'DELL', '2013-01-01', '24`', 'DELL 24` - 2013', 'N', NULL, '', 'N'),
	(132, 9, '약제과 약사 02', '', 'DELL', '2017-01-01', '24`', 'DELL 24` - 2017', 'N', NULL, '', 'N'),
	(133, 9, '약제과 조제 01 (반납)', '', 'SS', '2011-01-01', '19`', 'SS 19` - 2011', 'N', NULL, '', 'N'),
	(134, 9, '약제과 조제 02 (복약)', '', 'SS', '2011-01-01', '19`', 'SS 19` - 2011', 'N', NULL, '', 'N'),
	(135, 9, '약포장(신) 데스크탑', '', 'SS', '2013-01-01', '22`', 'SS 22` - 2013', 'N', NULL, '', 'N'),
	(136, 4, '일반촬영실 01 (접수)', '', 'SS', '2011-01-01', '19`', 'SS 19` - 2011', 'N', NULL, '', 'N'),
	(137, 4, '일반촬영실 02 (CT실)', '', 'SS', '2012-01-01', '19`', 'SS 19` - 2012', 'N', NULL, '', 'N'),
	(138, 4, '일반촬영실 03 (X-ray)', '', 'SS', '2015-01-01', '19`', 'SS 19` - 2015', 'N', NULL, '', 'N'),
	(139, 4, 'MRI실', '', 'DELL', '2020-01-01', '24`', 'Dell 24` - 2020', 'N', NULL, '', 'N'),
	(140, 4, 'X-Ray GW', '', 'SS', '2011-01-01', '19`', 'SS 19` - 2011', 'N', NULL, '', 'N'),
	(141, 5, '원무과 접수 야간 1', '', 'BQ', '2021-12-01', '24`', 'BQ 24`(2021.12)', 'N', NULL, '', 'N'),
	(142, 5, '원무과 접수 야간 2', '', 'SS', '2011-03-01', '19`', 'SS 19`(2011.03)', 'N', NULL, '', 'N'),
	(143, 55, '응급센터 영상의학과 X-ray 접수', '', 'SS', '2011-01-01', '19`', 'SS 19` - 2011', 'N', NULL, '', 'N'),
	(144, 55, '응급센터 영상의학과 CT 접수', '', 'SS', '2013-01-01', '19`', 'SS 19` - 2013.01', 'N', NULL, '', 'N'),
	(145, 55, '응급센터 영상의학과 MRI 접수', '', 'SS', '2011-01-01', '19`', 'SS 19` - 2011', 'N', NULL, '', 'N'),
	(146, 55, '응급센터 영상의학과 당직실', '', 'SS', '2011-01-01', '19`', 'SS 19` - 2011', 'N', NULL, '', 'N'),
	(147, 50, '응급센터 간호데스크 01', '', 'SS', '2011-01-01', '19`', 'SS 19` - 2011', 'N', NULL, '', 'N'),
	(148, 50, '응급센터 간호데스크 02', '', 'BQ', '2021-01-01', '24`', 'BQ 24` - 2021', 'N', NULL, '', 'N'),
	(149, 50, '응급센터 간호데스크 03', '', 'BQ', '2021-01-01', '24`', 'BQ 24` - 2021', 'N', NULL, '', 'N'),
	(150, 50, '응급센터 간호데스크 04', '', 'SS', '2011-01-01', '19`', 'SS 19` - 2011', 'N', NULL, '', 'N'),
	(151, 50, '응급센터 의료진 01', '', 'SS', '2018-01-01', '19`', 'SS 19` - 2018', 'N', NULL, '', 'N'),
	(152, 50, '응급센터 의료진 02', '', 'BQ', '2022-01-01', '24`', 'BQ 24` - 2022', 'N', NULL, '', 'N'),
	(153, 50, '응급센터 의료진 03', '', 'SS', '2016-01-01', '19`', 'SS 19` - 2016', 'N', NULL, '', 'N'),
	(154, 50, '응급센터 당직실 (의료진)', '', 'BQ', '2022-01-01', '24`', 'BQ 24` - 2022', 'N', NULL, '', 'N'),
	(155, 50, '응급센터 EMT 휴게실', '', 'SS', '2011-01-01', '19`', 'SS 19` - 2011', 'N', NULL, '', 'N'),
	(156, 50, '응급센터 응급약 불출', '', 'SS', '2011-01-01', '19`', 'SS 19` - 2011', 'N', NULL, '', 'N'),
	(157, 50, '응급센터 환자분류소', '', 'SS', '2011-01-01', '19`', 'SS 19` - 2011', 'N', NULL, '', 'N'),
	(158, 50, '응급센터 선별진료소', '', 'SS', '2017-01-01', '19`', 'SS 19` - 2017', 'N', NULL, '', 'N'),
	(159, 50, '응급센터 심폐소생실', '', 'DELL', '2011-01-01', '19`', 'DELL 19` - 2011', 'N', NULL, '', 'N'),
	(160, 50, '응급센터 CCTV 열람용', '', 'SS', '2011-01-01', '19`', 'SS 19` - 2011', 'N', NULL, '', 'N'),
	(161, 50, '의무기록사01', '', 'SS', '2011-01-01', '19`', 'SS 19` - 2011', 'N', NULL, '', 'N'),
	(162, 50, '상담실', '', 'SS', '2017-01-01', '19`', 'SS 19` - 2017', 'N', NULL, '', 'N'),
	(163, 16, '진료실 내과 01', '', 'BQ', '2021-01-01', '24`', 'BQ 24` - 2021', 'N', NULL, '', 'N'),
	(164, 16, '진료실 내과 02', '', 'DELL', '2020-01-01', '24`', 'DELL 24` - 2020', 'N', NULL, '', 'N'),
	(165, 16, '진료실 내과 03', '', 'SS', '2018-01-01', '19`', 'SS 19` - 2018', 'N', NULL, '', 'N'),
	(166, 16, '진료실 내과 05', '', 'SS', '2020-01-01', '24`', 'SS 24` - 2020', 'N', NULL, '', 'N'),
	(167, 16, '진료실 내과 04(감염)', '', 'DELL', '2020-01-01', '24`', 'DELL 24` - 2020', 'N', NULL, '', 'N'),
	(168, 66, '진료실 내과 06(신장)', '', 'SS', '2021-01-01', '24`', 'SS 24` - 2021', 'N', NULL, '', 'N'),
	(169, 17, '진료실 심장내과 01', '', 'SS', '2021-01-01', '24`', 'SS 24` - 2021', 'N', NULL, '', 'N'),
	(170, 17, '진료실 심장내과 01 (판독용)', '', 'DELL', '2018-01-01', '24`', 'DELL 24` - 2018', 'N', NULL, '', 'N'),
	(171, 17, '진료실 심장내과 02', '', 'SS', '2022-01-01', '24`', 'SS 24` - 2022', 'N', NULL, '', 'N'),
	(172, 17, '진료실 심장내과 03', '', 'BQ', '2022-01-01', '24`', 'BQ 24` - 2022', 'N', NULL, '', 'N'),
	(173, 21, '진료실 소아청소년과 01', '', 'BQ', '2022-01-01', '24`', 'BQ 24` - 2022', 'N', NULL, '', 'N'),
	(174, 21, '진료실 소아청소년과 02', '', 'SS', '2011-01-01', '19`', 'SS 19` - 2011', 'N', NULL, '', 'N'),
	(175, 21, '진료실 소아청소년과 03', '', 'SS', '2022-01-01', '24`', 'SS 24` - 2022', 'N', NULL, '', 'N'),
	(176, 20, '진료실 외과 01', '', 'SS', '2015-01-01', '19`', 'SS 19` - 2015', 'N', NULL, '', 'N'),
	(177, 20, '진료실 외과 02', '', '', NULL, '', 'PH 24`(개인) - 2019', 'N', NULL, '', 'N'),
	(178, 20, '진료실 외과 03', '', 'BQ', '2022-01-01', '24`', 'BQ 24` - 2022', 'N', NULL, '', 'N'),
	(179, 63, '진료실 흉부외과 01', '', 'SS', '2017-07-01', '24`', 'SS 24` - 2017.07', 'N', NULL, '', 'N'),
	(180, 19, '진료실 신경과 01', '', 'SS', '2011-01-01', '19`', 'SS 19` - 2011', 'N', NULL, '', 'N'),
	(181, 16, '간호데스크 내과 01', '', 'SS', '2011-01-01', '19`', 'SS 19` - 2011', 'N', NULL, '', 'N'),
	(182, 16, '간호데스크 내과 02', '', 'SS', '2011-01-01', '19`', 'SS 19` - 2011', 'N', NULL, '', 'N'),
	(183, 16, '간호데스크 내과 03', '', 'SS', '2011-01-01', '19`', 'SS 19` - 2011', 'N', NULL, '', 'N'),
	(184, 16, '간호데스크 내과 04(감염)', '', 'SS', '2011-01-01', '19`', 'SS 19` - 2011', 'N', NULL, '', 'N'),
	(185, 16, '간호데스크 내과 05', '', 'SS', '2015-01-01', '19`', 'SS 19` - 2015', 'N', NULL, '', 'N'),
	(186, 66, '간호데스크 내과 06(신장)', '', 'SS', '2015-01-01', '19`', 'SS 19` - 2015', 'N', NULL, '', 'N'),
	(187, 17, '간호데스크 심장내과 01', '', 'SS', '2016-01-01', '19`', 'SS 19` - 2016', 'N', NULL, '', 'N'),
	(188, 17, '간호데스크 심장내과 02', '', 'SS', '2011-01-01', '19`', 'SS 19` - 2011', 'N', NULL, '', 'N'),
	(189, 17, '간호데스크 심장내과 03', '', 'SS', '2011-01-01', '19`', 'SS 19` - 2011', 'N', NULL, '', 'N'),
	(190, 21, '간호데스크 소아청소년과 01', '', 'SS', '2021-01-01', '24`', 'SS 24` - 2021', 'N', NULL, '', 'N'),
	(191, 21, '간호데스크 소아청소년과 02', '', 'SS', '2011-01-01', '19`', 'SS 19` - 2011', 'N', NULL, '', 'N'),
	(192, 21, '간호데스크 소아청소년과 03', '', 'SS', '2011-01-01', '24`', 'BQ24` - 2024', 'N', NULL, '', 'N'),
	(193, 21, '간호데스크 소아청소년과 서브', '', 'SS', '2011-01-01', '19`', 'SS 19` - 2011', 'N', NULL, '', 'N'),
	(194, 57, '간호데스크 소아청소년과 유튜브용', '', '', NULL, '', '삼성 TV', 'N', NULL, '', 'N'),
	(195, 20, '간호데스크 외과 01', '', 'SS', '2017-01-01', '19`', 'SS 19` - 2017', 'N', NULL, '', 'N'),
	(196, 20, '간호데스크 외과 02', '', 'BQ', '2022-01-01', '24`', 'BQ 24` - 2022', 'N', NULL, '', 'N'),
	(197, 20, '간호데스크 외과 03', '', 'SS', '2011-01-01', '19`', 'SS 19` - 2011', 'N', NULL, '', 'N'),
	(198, 63, '간호데스크 흉부외과 01', '', 'SS', '2017-01-01', '19`', 'SS 19` - 2017', 'N', NULL, '', 'N'),
	(199, 19, '간호데스크 신경과 01', '', 'SS', '2016-01-01', '19`', 'SS 19` - 2016', 'N', NULL, '', 'N'),
	(200, 26, '진료실 판독의 01', '', 'DELL', '2013-01-01', '24`', 'DELL 24` - 2013', 'N', NULL, '', 'N'),
	(201, 26, '진료실 판독의 01(원외망)', '', 'SS', '2018-01-01', '19`', 'SS 19` - 2018', 'N', NULL, '', 'N'),
	(202, 26, '진료실 판독의 02', '', '', NULL, '', '판독전용', 'N', NULL, '', 'N'),
	(203, 26, '진료실 판독의 03', '', '', NULL, '', '판독전용', 'N', NULL, '', 'N'),
	(204, 23, '접수수납 01 9141', '', 'SS', '2011-01-01', '19`', 'SS 19` - 2011', 'N', NULL, '', 'N'),
	(205, 23, '접수수납 02 9142', '', 'SS', '2016-01-01', '24`', 'SS 24` - 2016', 'N', NULL, '', 'N'),
	(206, 25, '검사실 01 실장', '', 'SS', '2017-01-01', '19`', 'SS 19` - 2017', 'N', NULL, '', 'N'),
	(207, 25, '검사실 원장님', '', 'SS', '2011-01-01', '19`', 'SS 19` - 2011', 'N', NULL, '', 'N'),
	(208, 25, '검사실 02 직원용', '', 'SS', '2016-01-01', '24`', 'SS 24` - 2016', 'N', NULL, '', 'N'),
	(209, 25, '검사실 03 Gem3500', '', 'SS', '2011-01-01', '19`', 'SS 19` - 2011', 'N', NULL, '', 'N'),
	(210, 25, '검사실 04 TOP350', '', 'SS', '2011-01-01', '19`', 'SS 19` - 2011', 'N', NULL, '', 'N'),
	(211, 25, '검사실 05 Cobas-E801', '', 'SS', '2011-01-01', '19`', 'SS 19` - 2011', 'N', NULL, '', 'N'),
	(212, 25, '검사실 06 XN-1000', '', 'SS', '2012-01-01', '19`', 'SS 19` - 2012', 'N', NULL, '', 'N'),
	(213, 25, '검사실 07 XN-1000 (메르딘)', '', 'SS', '2011-01-01', '19`', 'SS 19` - 2011', 'N', NULL, '', 'N'),
	(214, 25, '검사실 08 VISION-C', '', 'SS', '2011-01-01', '19`', 'SS 19` - 2011', 'N', NULL, '', 'N'),
	(215, 25, '검사실 09 혈액은행', '', 'SS', '2011-01-01', '19`', 'SS 19` - 2011', 'N', NULL, '', 'N'),
	(216, 25, '검사실 10 G11', '', 'SS', '2011-01-01', '19`', 'SS 19` - 2011', 'N', NULL, '', 'N'),
	(217, 25, '검사실 11 PFA100', '', 'SS', '2011-01-01', '19`', 'SS 19` - 2011', 'N', NULL, '', 'N'),
	(218, 25, '검사실 12 URISCAN', '', 'SS', '2015-01-01', '19`', 'SS 19` - 2015', 'N', NULL, '', 'N'),
	(219, 25, '검사실 13 Cobas C702', '', 'SS', '2016-01-01', '19`', 'SS 19` - 2016', 'N', NULL, '', 'N'),
	(220, 25, '검사실 14 혈당계', '', 'SS', '2011-01-01', '19`', 'SS 19` - 2011', 'N', NULL, '', 'N'),
	(221, 25, '검사실 15 접수대(내부)', '', 'SS', '2017-01-01', '19`', 'SS 19` - 2017', 'N', NULL, '', 'N'),
	(222, 25, '검사실 16 채혈실 01(외부)', '', 'SS', '2015-01-01', '19`', 'SS 19` - 2015', 'N', NULL, '', 'N'),
	(223, 25, '검사실 17 채혈실 02(외부)', '', 'SS', '2011-01-01', '19`', 'SS 19` - 2011', 'N', NULL, '', 'N'),
	(224, 25, '검사실 18 심전도실', '', 'SS', '2011-01-01', '19`', 'SS 19` - 2011', 'N', NULL, '', 'N'),
	(225, 25, '심전도실 2', '', 'SS', '2011-01-01', '19`', 'SS 19` - 2011', 'N', NULL, '', 'N'),
	(226, 25, '검사실 19 ORTHO', '', 'SS', '2013-01-01', '19`', 'SS 19` -2013', 'N', NULL, '', 'N'),
	(227, 26, '일반촬영실', '', 'SS', '2011-01-01', '19`', 'SS 19`- 2011', 'N', NULL, '', 'N'),
	(228, 26, '일반촬영실02', '', 'SS', '2011-01-01', '19`', 'SS 19` - 2011', 'N', NULL, '', 'N'),
	(229, 26, '영상의학과 실장', '', 'BQ', '2022-01-01', '24`', 'BQ 24` - 2022', 'N', NULL, '', 'N'),
	(230, 26, '일반촬영실 접수', '', 'SS', '2011-01-01', '19`', 'SS 19` - 2011', 'N', NULL, '', 'N'),
	(231, 26, '외부 CD업로드', '', 'LG', '2011-01-01', '17`', 'LG 17` - 2011', 'N', NULL, '', 'N'),
	(232, 26, '초음파실 접수', '', 'SS', '2011-01-01', '19`', 'SS 19` - 2011', 'N', NULL, '', 'N'),
	(233, 15, 'PT실장', '', 'DELL', '2016-01-01', '27`', 'DELL 27` - 2016', 'N', NULL, '', 'N'),
	(234, 15, '재활치료실 01', '', 'SS', '2012-01-01', '19`', 'SS 19` - 2012', 'N', NULL, '', 'N'),
	(235, 15, '재활치료실 02', '', 'SS', '2011-01-01', '19`', 'SS 19` - 2011', 'N', NULL, '', 'N'),
	(236, 15, '통증치료실 01', '', 'SS', '2011-01-01', '19`', 'SS 19` - 2011', 'N', NULL, '', 'N'),
	(237, 15, '통증치료실 02', '', 'SS', '2015-01-01', '19`', 'SS 19` - 2015', 'N', NULL, '', 'N'),
	(238, 15, '작업치료실 01', '', 'SS', '2011-01-01', '19`', 'SS 19` - 2011', 'N', NULL, '', 'N'),
	(239, 15, '작업치료실 02', '', 'SS', '2011-01-01', '19`', 'SS 19` - 2011', 'N', NULL, '', 'N'),
	(240, 24, '진료실', '', 'SS', '2017-01-01', '27`', 'SS 27` - 2017', 'N', NULL, '', 'N'),
	(241, 24, '내시경실 간호데스크 ', '', 'SS', '2011-01-01', '19`', 'SS 19` - 2011', 'N', NULL, '', 'N'),
	(242, 24, 'Olympus Gate Way', '', 'SS', '2011-01-01', '19`', 'SS 19` - 2011', 'N', NULL, '', 'N'),
	(243, 17, '검사실 01 (판독용)', '', 'DELL', '2018-01-01', '24`', 'DELL 24` - 2018', 'N', NULL, '', 'N'),
	(244, 17, '검사실 02 (Holter)', '', 'HP', '2011-01-01', '19`', 'HP 19` - 2011', 'N', NULL, '', 'N'),
	(245, 17, '검사실 03 (BP GW)', '', 'HP', '2011-01-01', '19`', 'HP 19` - 2011', 'N', NULL, '', 'N'),
	(246, 17, '검사실04 (24Holter Upload)', '', 'SS', '2018-01-01', '19`', 'SS 19` -2018', 'N', NULL, '', 'N'),
	(247, 17, 'PD 판독용 PC', '', 'SS', '2017-01-01', '24`', 'SS 24` - 2017', 'N', NULL, '', 'N'),
	(248, 19, '검사실 01(근전도실)', '', 'SS', '2011-01-01', '19`', 'ss 19` - 2011', 'N', NULL, '', 'N'),
	(249, 19, '근전도검사(EMG)', '', 'DELL', '2023-01-01', '24`', 'DELL 24` - 2023', 'N', NULL, '', 'N'),
	(250, 19, '뇌전도검사(EEG)', '', 'LG', '2016-01-01', '24`', 'LG 24` - 2016', 'N', NULL, '', 'N'),
	(251, 19, '어지럼증검사(VNG)', '', '', NULL, '', '노트북', 'N', NULL, '', 'N'),
	(252, 22, '치과 의료진', '', 'DELL', '2017-01-01', '24`', 'DELL 24` - 2017', 'N', NULL, '', 'N'),
	(253, 22, '치과 접수데스크', '', 'SS', '2016-01-01', '24`', 'SS 24` - 2016', 'N', NULL, '', 'N'),
	(254, 22, '치과 상담실', '', 'BQ', '2022-01-01', '24`', 'BQ 24`- 2022', 'N', NULL, '', 'N'),
	(255, 22, '치과 X-ray GW', '', 'HP', '2022-01-01', '24`', 'HP 24` - 2022', 'N', NULL, '', 'N'),
	(256, 22, 'Gateway 01', '', 'LG', '2011-01-01', '19`', 'LG 19` - 2011', 'N', NULL, '', 'N'),
	(257, 22, 'Gateway 02', '', 'SS', '2017-01-01', '19`', 'SS 19` - 2017', 'N', NULL, '', 'N'),
	(258, 22, 'Gateway 03', '', 'LG', '2011-01-01', '19`', 'LG 19` - 2011', 'N', NULL, '', 'N'),
	(259, 17, 'CV01 진료실', '', 'HP', '2010-11-01', '19\'', '', 'N', NULL, '', 'N'),
	(260, 17, 'CV 검사실', '', 'HP', '2011-01-01', '19`', 'HP 19` - 2011', 'N', NULL, '', 'N'),
	(261, 17, '심전도실', '', 'SS', '2017-01-01', '19\'', '', 'N', NULL, '', 'N'),
	(262, 31, '마취과 원장실 01', '', 'SS', '2016-01-01', '19`', 'SS 19` - 2016', 'N', NULL, '', 'N'),
	(263, 31, '마취과 원장실 02', '', 'SS', '2016-01-01', '19`', 'SS 19` - 2016', 'N', NULL, '', 'N'),
	(264, 31, '간호데스크 01', '', 'SS', '2011-03-01', '19`', 'SS 19` - 2011.03', 'N', NULL, '', 'N'),
	(265, 31, '간호데스크 02', '', '', NULL, '', 'SS 24`(개인)', 'N', NULL, '', 'N'),
	(266, 31, '간호데스크 03', '', 'SS', '2011-03-01', '19`', 'SS 19` - 2011.03', 'N', NULL, '', 'N'),
	(267, 31, '간호데스크 04(복도)', '', 'SS', '2011-03-01', '19`', 'SS 19` - 2011.03', 'N', NULL, '', 'N'),
	(268, 31, '수술실 블럭방', '', '', NULL, '', '노트북', 'N', NULL, '', 'N'),
	(269, 31, '의료진 휴게실 01', '', 'SS', '2017-01-01', '19`', 'SS 19` - 2017', 'N', NULL, '', 'N'),
	(270, 31, '의료진 휴게실 02', '', 'SS', '2017-01-01', '19`', 'SS 19` - 2017', 'N', NULL, '', 'N'),
	(271, 31, '수술방 전용 01', '', 'SS', '2011-01-01', '19`', 'SS 19` - 2011', 'N', NULL, '', 'N'),
	(272, 31, '수술방 전용 02', '', 'SS', '2011-01-01', '19`', 'SS 19` - 2011', 'N', NULL, '', 'N'),
	(273, 31, '수술방 전용 03', '', 'SS', '2011-01-01', '19`', 'SS 19` - 2011', 'N', NULL, '', 'N'),
	(274, 31, '수술방 전용 04', '', 'SS', '2011-01-01', '19`', 'SS 19` - 2011', 'N', NULL, '', 'N'),
	(275, 31, 'GS 수술용 Gateway', '', 'LG', '2011-01-01', '17`', 'LG 17` - 2011', 'N', NULL, '', 'N'),
	(276, 31, 'OS 수술용 Gateway', '', 'SS', '2013-01-01', '19`', 'SS 19` - 2013', 'N', NULL, '', 'N'),
	(277, 27, '간호데스크 01', '', 'SS', '2021-01-01', '24`', 'SS 24` - 2021', 'N', NULL, '', 'N'),
	(278, 27, '간호데스크 02', '', 'SS', '2011-01-01', '19`', 'SS 19` - 2011', 'N', NULL, '', 'N'),
	(279, 27, '간호데스크 03', '', 'SS', '2011-01-01', '19`', 'SS 19` - 2011', 'N', NULL, '', 'N'),
	(280, 27, '간호데스크 04', '', 'SS', '2011-01-01', '19`', 'SS 19` - 2011', 'N', NULL, '', 'N'),
	(281, 30, '간호데스크 01', '', 'SS', '2011-01-01', '19`', 'SS 19` - 2011', 'N', NULL, '', 'N'),
	(282, 30, '간호데스크 02', '', 'SS', '2020-01-01', '19`', 'SS 19` - 2020', 'N', NULL, '', 'N'),
	(283, 30, '간호데스크 03', '', 'BQ', '2022-01-01', '24`', 'BQ 24` - 2022', 'N', NULL, '', 'N'),
	(284, 30, '간호데스크 04', '', '그린씨엔씨', '2011-01-01', '19`', 'green 19` -2011', 'N', NULL, '', 'N'),
	(285, 58, '의국 01', '', 'SS', '2017-01-01', '19`', 'SS 19` - 2017', 'N', NULL, '', 'N'),
	(286, 58, '의국 02 (판독전용)', '', 'DELL', '2017-01-01', '24`', 'DELL 24` -2017', 'N', NULL, '', 'N'),
	(287, 58, '조정실 담당자 (정성훈 실장)', '', 'SS', '2015-01-01', '19`', 'SS 19` -2015', 'N', NULL, '', 'N'),
	(288, 58, '조정실 간호데스크', '', 'SS', '2011-01-01', '19`', 'SS 19` - 2011', 'N', NULL, '', 'N'),
	(289, 28, '중앙데스크', '', 'SS', '2012-01-01', '22`', 'SS 22` - 2012', 'N', NULL, '', 'N'),
	(290, 28, '물품교환실', '', 'SS', '2011-01-01', '19`', 'SS 19` - 2011', 'N', NULL, '', 'N'),
	(291, 32, '간호데스크 01', '', 'HP', '2011-01-01', '19`', 'HP 19` - 2011', 'N', NULL, '', 'N'),
	(292, 32, '간호데스크 02', '', 'SS', '2011-01-01', '19`', 'SS 19` - 2011', 'N', NULL, '', 'N'),
	(293, 32, '간호데스크 03', '', 'SS', '2011-01-01', '19`', 'SS 19` - 2011', 'N', NULL, '', 'N'),
	(294, 32, '간호데스크 04', '', 'SS', '2011-01-01', '19`', 'SS 19` - 2011', 'N', NULL, '', 'N'),
	(295, 32, '간호데스크 05', '', 'SS', '2017-01-01', '19`', 'SS 19` - 2017', 'N', NULL, '', 'N'),
	(296, 32, '간호데스크 N/B', '', '', NULL, '', '노트북', 'N', NULL, '', 'N'),
	(297, 32, '간호데스크 N/B', '', '', NULL, '', '노트북', 'N', NULL, '', 'N'),
	(298, 32, '의료진 01', '', 'SS', '2011-01-01', '19`', 'SS 19` - 2011', 'N', NULL, '', 'N'),
	(299, 33, '간호데스크 06', '', 'SS', '2011-01-01', '19`', 'SS 19` - 2011', 'N', NULL, '', 'N'),
	(300, 33, '간호데스크 07', '', 'SS', '2011-01-01', '19`', 'SS 19` - 2011', 'N', NULL, '', 'N'),
	(301, 33, '간호데스크 08', '', 'SS', '2011-01-01', '19`', 'SS 19` - 2011', 'N', NULL, '', 'N'),
	(302, 33, '간호데스크 N/B', '', '', NULL, '', '노트북', 'N', NULL, '', 'N'),
	(303, 34, '간호데스크 01', '', 'SS', '2011-01-01', '19`', 'SS 19` -2011', 'N', NULL, '', 'N'),
	(304, 34, '간호데스크 02', '', 'SS', '2011-01-01', '19`', 'SS 19` - 2011', 'N', NULL, '', 'N'),
	(305, 34, '간호데스크 03', '', 'SS', '2011-01-01', '19`', 'SS 19` -2011', 'N', NULL, '', 'N'),
	(306, 34, '간호데스크 04', '', 'SS', '2011-01-01', '19`', 'SS 19` -2011', 'N', NULL, '', 'N'),
	(307, 35, '간호데스크 05', '', 'SS', '2011-01-01', '19`', 'SS 19` -2011', 'N', NULL, '', 'N'),
	(308, 35, '간호데스크 06', '', 'SS', '2011-01-01', '19`', 'SS 19` -2011', 'N', NULL, '', 'N'),
	(309, 35, '간호데스크 07', '', 'SS', '2011-01-01', '19`', 'SS 19` -2011', 'N', NULL, '', 'N'),
	(310, 35, '간호데스크 08', '', 'BQ', '2022-05-01', '24`', 'BQ 24` - 2022.05', 'N', NULL, '', 'N'),
	(311, 35, '의료진 01', '', 'SS', '2019-01-01', '19`', 'SS 19`- 2019', 'N', NULL, '', 'N'),
	(312, 36, '간호데스크 01', '', 'BQ', '2022-05-01', '24`', 'BQ 24` - 2022.05', 'N', NULL, '', 'N'),
	(313, 36, '간호데스크 02', '', 'SS', '2015-08-01', '19`', 'SS 19` - 2015.08', 'N', NULL, '', 'N'),
	(314, 36, '간호데스크 03', '', 'SS', '2015-05-01', '19`', 'SS 19` - 2015.05', 'N', NULL, '', 'N'),
	(315, 37, '간호데스크 04', '', 'SS', '2016-01-01', '19`', 'SS 19` - 2016.01', 'N', NULL, '', 'N'),
	(316, 37, '간호데스크 05', '', 'SS', '2015-09-01', '19`', 'SS 19` - 2015.09', 'N', NULL, '', 'N'),
	(317, 37, '간호데스크 06', '', 'SS', '2015-09-01', '19`', 'SS 19` - 2015.09', 'N', NULL, '', 'N'),
	(318, 37, '간호데스크 07', '', 'SS', '2015-09-01', '19`', 'SS 19` - 2015.09', 'N', NULL, '', 'N'),
	(319, 47, '병원장실', '', 'DELL', '2019-01-01', '24`', 'DELL 24` - 확인불가', 'N', NULL, '', 'N'),
	(320, 38, '간호과장01', '', 'SS', '2021-04-01', '24`', 'SS 24` - 2021.04', 'N', NULL, '', 'N'),
	(321, 38, '간호과장02', '', 'SS', '2021-04-01', '24`', 'SS 24` - 2021.04', 'N', NULL, '', 'N'),
	(322, 47, '인사 담당 01', '', 'DELL', '2011-01-01', '24`', 'DELL 24` - 확인불가', 'N', NULL, '', 'N'),
	(323, 47, '인사 담당 02', '', 'SS', '2016-03-01', '24`', 'SS 24` - 2016.03', 'N', NULL, '', 'N'),
	(324, 47, '총무과장', '', 'SS', '2021-04-01', '24`', 'SS 24` - 2021.04', 'N', NULL, '', 'N'),
	(325, 47, '구매 담당 01', '', 'BQ', '2022-05-01', '24`', 'BQ 24` - 2022.05', 'N', NULL, '', 'N'),
	(326, 47, '기획홍보 담당', '', 'SS', '2018-11-01', '19`', 'SS 19` - 2018.11', 'N', NULL, '', 'N'),
	(327, 47, '총무 인턴01', '', 'DELL', '2011-01-01', '19`', 'DELL 19` - 확인불가', 'N', NULL, '', 'N'),
	(328, 47, '총무 인턴02', '', 'SS', '2011-01-01', '19`', 'SS 19` - 2016.10', 'N', NULL, '', 'N'),
	(329, 47, '회계팀장', '', 'SS', '2014-07-01', '22`', 'SS 22` - 2014.07', 'N', NULL, '', 'N'),
	(330, 47, '회계 담당 01', '', 'DELL', '2011-01-01', '19`', 'DELL 19` - 확인불가', 'N', NULL, '', 'N'),
	(331, 41, '심사과 01', '', 'SS', '2018-03-01', '24`', 'SS 24` - 2018.03', 'N', NULL, '', 'N'),
	(332, 41, '심사과 02', '', 'SS', '2018-03-01', '24`', 'SS 24` - 2018.03', 'N', NULL, '', 'N'),
	(333, 41, '심사과 03', '', 'SS', '2018-03-01', '24`', 'SS 24` - 2018.03', 'N', NULL, '', 'N'),
	(334, 41, '심사과 04', '', 'SS', '2018-03-01', '24`', 'SS 24` - 2018.03', 'N', NULL, '', 'N'),
	(335, 41, '심사과 05', '', 'SS', '2018-03-01', '24`', 'SS 24` - 2018.03', 'N', NULL, '', 'N'),
	(336, 59, '세미나실', '', 'SS', '2017-03-01', '19`', 'SS 19` - 2017.03', 'N', NULL, '', 'N'),
	(337, 46, '영양사실 01', '', 'TG', '2016-12-01', '24`', 'TG 24` - 2016.12', 'N', NULL, '', 'N'),
	(338, 46, '영양사실 02', '', 'SS', '2016-12-01', '24`', 'TG 24` - 2016.12', 'N', NULL, '', 'N'),
	(339, 46, '영양사실 03', '', 'HP', NULL, '19`', 'HP 19` - 확인불가', 'N', NULL, '', 'N'),
	(340, 60, '연구실 01', '', 'SS', '2015-01-01', '19`', 'SS 19` - 2015', 'N', NULL, '', 'N'),
	(341, 60, '연구실 03 (김보영 원장)', '', 'DELL', '2013-01-01', '24`', 'DELL 24` - 2013', 'N', NULL, '', 'N'),
	(342, 60, '연구실04 (박재영 원장)', '', '', NULL, '', '', 'N', NULL, '', 'N'),
	(343, 60, '연구실 05 (이영철 원장)', '', 'DELL', '2012-01-01', '22`', 'DELL 22` - 2012', 'N', NULL, '', 'N'),
	(344, 60, '연구실 06 (한　철 원장)', '', 'SS', '2021-01-01', '24`', 'SS 24` - 2021', 'N', NULL, '', 'N'),
	(345, 60, '연구실 07 (박선호 행정부장)', '', 'SS', '2022-01-01', '24`', 'SS 24` - 2022', 'N', NULL, '', 'N'),
	(346, 60, '연구실 08 (박종철 원장)', '', 'DELL', '2011-01-01', '19`', 'DELL 19` - 2011', 'N', NULL, '', 'N'),
	(347, 60, '연구실 99 (KS 메디컬)', '', 'SS', '2020-01-01', '19`', 'SS 19` - 2020', 'N', NULL, '', 'N'),
	(348, 39, '교육실 담당자', '', '', NULL, '', '일체형', 'N', NULL, '', 'N'),
	(349, 39, '교육실 담당자02', '', '', NULL, '', '일체형', 'N', NULL, '', 'N'),
	(350, 61, '보건관리 담당자', '', 'SS', '2021-01-01', '24`', 'SS 24` - 2021', 'N', NULL, '', 'N'),
	(351, 62, '적정관리 담당자', '', '', NULL, '', '일체형', 'N', NULL, '', 'N'),
	(352, 51, '관리과 06 (안전관리담당)', '', 'SS', '2011-04-01', '19`', 'SS 19` - 2011.04', 'N', NULL, '', 'N'),
	(353, 52, '종합검진 센터장 (내선9003)', '', 'LG', '2014-03-01', '24`', 'LG 24` - 2014.03', 'N', NULL, '', 'N'),
	(354, 52, '종합검진 과장 (내선9345)', '', 'VS', '2011-01-01', '19`', 'VS 19` - 2011', 'N', NULL, '', 'N'),
	(355, 52, '종합검진 차장 (내선9261)', '', 'SS', '2020-01-01', '24`', 'SS 24` - 2020 ', 'N', NULL, '', 'N'),
	(356, 52, '종합검진 04 내선9302', '', 'SS', '2011-03-01', '19`', 'SS 19` - 2011.03', 'N', NULL, '', 'N'),
	(357, 52, '종합검진 05 내선9300', '', 'VS', '2011-01-01', '17`', 'VS 17` -2011', 'N', NULL, '', 'N'),
	(358, 52, '종합검진 06 내선9303', '', 'SS', '2014-08-01', '19`', 'SS 19` - 2014.08', 'N', NULL, '', 'N'),
	(359, 52, '종합검진 07 내선9100', '', 'SS', '2014-08-01', '19`', 'SS 19` - 2014.08', 'N', NULL, '', 'N'),
	(360, 52, '종합검진 08 내선9009', '', 'SS', '2017-01-01', '19`', 'SS 19` - 2017.01', 'N', NULL, '', 'N'),
	(361, 52, '종합검진 09 내선9301', '', 'SS', '2019-03-01', '19`', 'SS 19` - 2019.03', 'N', NULL, '', 'N'),
	(362, 52, '종합검진 10 내선9264', '', 'SS', '2019-03-01', '19`', 'SS 19` - 2019 .03', 'N', NULL, '', 'N'),
	(363, 52, '종합검진 11 내선9263', '', 'SS', '2013-12-01', '19`', 'SS 19` - 2013.12', 'N', NULL, '', 'N'),
	(364, 52, '종합검진 12 내선9305', '', 'SS', '2017-01-01', '19`', 'SS 19` - 2017.01', 'N', NULL, '', 'N'),
	(365, 52, '종합검진 13 내선9265', '', 'SS', '2015-04-01', '19`', 'SS 19` - 2015.04', 'N', NULL, '', 'N'),
	(366, 52, '종합검진 14 내선9262', '', 'SS', '2017-01-01', '19`', 'SS 19` - 2017.01', 'N', NULL, '', 'N'),
	(367, 52, '종합검진 16 내선9091', '', 'SS', '2016-11-01', '19`', 'SS 19\' - 2016.11', 'N', NULL, '', 'N'),
	(368, 52, '종합검진 17 내선9188', '', 'SS', '2016-11-01', '19`', 'SS 19\' - 2016.11', 'N', NULL, '', 'N'),
	(369, 52, '종합검진 18 내선9189', '', 'SS', '2016-11-01', '19`', 'SS 19\' - 2016.11', 'N', NULL, '', 'N'),
	(370, 52, '종합검진 결과처리 01', '', 'SS', '2016-11-01', '19`', 'SS 19` - 2016.11', 'N', NULL, '', 'N'),
	(371, 52, '종합검진 결과처리 02', '', 'SS', '2011-03-01', '19`', 'SS 19` - 2011.03', 'N', NULL, '', 'N'),
	(372, 52, '종합검진 결과처리 03', '', 'SS', '2016-11-01', '19`', 'SS 19` - 2016.11', 'N', NULL, '', 'N'),
	(373, 52, '종합검진 결과처리 04', '', 'SS', '2016-11-01', '19`', 'SS 19` - 2016.11', 'N', NULL, '', 'N'),
	(374, 52, '종합검진 결과처리 05', '', 'SS', '2018-11-01', '19`', 'SS 19` - 2018.11', 'N', NULL, '', 'N'),
	(375, 52, '종합검진 결과처리 06', '', 'SS', '2019-03-01', '19`', 'SS 19` - 2019.03', 'N', NULL, '', 'N'),
	(376, 52, '종합검진 결과처리 07', '', 'SS', '2018-11-01', '19`', 'SS 19` - 2018.11', 'N', NULL, '', 'N'),
	(377, 52, '접수 01', '', 'SS', '2011-03-01', '19`', 'SS 19` - 2011.03', 'N', NULL, '', 'N'),
	(378, 52, '접수 02', '', 'SS', '2011-03-01', '19`', 'SS 19` - 2011.03', 'N', NULL, '', 'N'),
	(379, 52, '접수 03', '', 'SS', '2016-10-01', '19`', 'SS 19` - 2016.10', 'N', NULL, '', 'N'),
	(380, 52, '접수 04', '', 'SS', '2016-10-01', '19`', 'SS 19` - 2016.10', 'N', NULL, '', 'N'),
	(381, 52, '탈의실인포 01', '', 'SS', '2011-03-01', '19`', 'SS 19` - 2011.03', 'N', NULL, '', 'N'),
	(382, 52, '종합검진 탈의접수01', '', 'SS', '2019-01-01', '19`', 'SS 19` - 2019', 'N', NULL, '', 'N'),
	(383, 52, '종합검진 탈의접수02', '', 'SS', '2020-01-01', '19`', 'SS 19` - 2020', 'N', NULL, '', 'N'),
	(384, 52, '초음파실', '', 'DELL', '2013-01-01', '24`', 'DELL24` - 2013', 'N', NULL, '', 'N'),
	(385, 52, '폐기능 검사실', '', 'SS', '2013-12-01', '19`', 'SS 19` - 2013.12', 'N', NULL, '', 'N'),
	(386, 52, '진료실 직업환경의학과 01', '', 'SS', '2016-10-01', '19`', 'SS 19` - 2016.10', 'N', NULL, '', 'N'),
	(387, 52, '진료실 직업환경의학과 02', '', 'PH', '2024-01-01', '24`', 'PH 24` - 2024.03', 'N', NULL, '', 'N'),
	(388, 52, '진료실 부인과', '', 'SS', '2011-03-01', '19`', 'SS 19` - 2011.03', 'N', NULL, '', 'N'),
	(389, 52, '진료실 내과01(내시경) 이영철 원장', '', 'SS', '2017-01-01', '19`', 'SS 19` - 2017.01', 'N', NULL, '', 'N'),
	(390, 52, '진료실 내과02(내시경) 강은미 원장', '', 'SS', '2019-08-01', '19`', 'SS 19` - 2019.08', 'N', NULL, '', 'N'),
	(391, 52, '진료실 가정의학01(내시경) 이건용 원장', '', 'SS', '2018-11-01', '19`', 'SS 19` - 2018.11', 'N', NULL, '', 'N'),
	(392, 52, '진료실 가정의학02(내시경) 고경남 원장', '', 'SS', '2019-09-01', '19`', 'SS 19` - 2019.09', 'N', NULL, '', 'N'),
	(393, 52, '진료실 가정의학과01', '', 'SS', '2017-04-01', '19`', 'SS 19` - 2017.04', 'N', NULL, '', 'N'),
	(394, 52, '진료실 가정의학과02', '', 'SS', '2019-06-01', '19`', 'SS 19` - 2019.06', 'N', NULL, '', 'N'),
	(395, 52, '진료실 직업환경의학과05', '', 'SS', '2019-03-01', '19`', 'SS 19` - 2019.03', 'N', NULL, '', 'N'),
	(396, 52, '진료실 판독의 04', '', 'DELL', '2013-01-01', '24`', 'DELL 24` - 2013', 'N', NULL, '', 'N'),
	(397, 52, '진료실 판독의 05', '', 'Wide', '2021-01-01', '24`', 'WIDE 24` - 2021', 'N', NULL, '', 'N'),
	(398, 52, '진료실 판독의 06', '', 'SS', '2017-07-01', '24`', 'SS 24` - 2017.07', 'N', NULL, '', 'N'),
	(399, 52, '내시경실 간호데스크 01', '', 'SS', '2011-03-01', '19`', 'SS 19` - 2011.03', 'N', NULL, '', 'N'),
	(400, 52, '내시경실 간호데스크 02', '', 'SS', '2017-01-01', '19`', 'SS 19` - 2017.01', 'N', NULL, '', 'N'),
	(401, 52, '내시경실 의료진데스크 01', '', 'SS', '2011-03-01', '19`', 'SS 19` - 2011.03', 'N', NULL, '', 'N'),
	(402, 54, '영상 접수대', '', 'SS', '2016-11-01', '19`', 'SS 19` - 2016.11', 'N', NULL, '', 'N'),
	(403, 54, 'X-Ray 접수', '', 'SS', '2011-03-01', '19`', 'SS 19` - 2011.03', 'N', NULL, '', 'N'),
	(404, 18, '전산실A (Z230)', '', 'BQ', '2022-01-01', '24`', 'BQ 24` - 2022', 'N', NULL, '', 'N'),
	(405, 18, '전산실B (HP)', '', 'LG', '2015-01-01', '24`', 'LG 24` - 2015', 'N', NULL, '', 'N'),
	(406, 18, '전산실C (Z4)', '', 'BQ', '2022-01-01', '24`', 'BQ 24` - 2022', 'N', NULL, '', 'N'),
	(407, 8, '진료실 정형외과 01', '', 'SS', '2011-03-01', '19`', 'SS 19` - 2011.03', 'N', NULL, '', 'N'),
	(408, 8, '진료실 정형외과 02', '', 'SS', '2011-03-01', '19`', 'SS 19` - 2011.03', 'N', NULL, '', 'N'),
	(409, 8, '진료실 정형외과 03', '', 'SS', '2017-01-01', '19`', 'SS 19` - 2017', 'N', NULL, '', 'N'),
	(410, 64, '진료실 재활의학과', '', 'SS', '2013-01-01', '19`', 'SS 19` - 2013', 'N', NULL, '', 'N'),
	(411, 12, '진료실 신경외과 01', '', 'SS', '2017-01-01', '19`', 'SS 19` - 2017', 'N', NULL, '', 'N'),
	(412, 7, '감염관리 01 (내부)', '', 'SS', '2011-03-01', '19`', 'SS 19` - 2011.03', 'N', NULL, '', 'N'),
	(413, 7, '감염관리 02 (내부)', '', 'SS', '2016-05-01', '19`', 'SS 19` - 2016.05', 'N', NULL, '', 'N'),
	(414, 11, '진료협력 01 (내부)', '', 'SS', '2019-01-01', '19`', 'SS 19` - 2019', 'N', NULL, '', 'N'),
	(415, 11, '진료협력 02 (내부)', '', 'SS', '2011-03-01', '19`', 'SS 19` - 2011.03', 'N', NULL, '', 'N'),
	(416, 5, '원무과 사무실 원무과장', '', 'SS', '2021-01-01', '23`', 'SS 23` - 2021', 'N', NULL, '', 'N'),
	(417, 5, '원무과 사무실 산재', '', 'SS', '2011-03-01', '19`', 'SS 19` - 2011.03', 'N', NULL, '', 'N'),
	(418, 5, '원무과 사무실 자보', '', 'DELL', '2011-01-01', '19`', 'DELL 19` - 2011', 'N', NULL, '', 'N'),
	(419, 5, '원무과 사무실 행정', '', 'SS', '2011-03-01', '19`', 'SS 19` 2011.03', 'N', NULL, '', 'N'),
	(420, 5, '원무과 사무실 의무기록사', '', 'DELL', '2020-01-01', '24`', 'DELL 24` - 2020', 'N', NULL, '', 'N'),
	(421, 4, '일반촬영실 01 (접수)', '', 'SS', '2011-01-01', '19`', 'SS 19` - 2011', 'N', NULL, '', 'N'),
	(422, 55, '응급센터 영상의학과 CT 접수', '', 'SS', '2013-01-01', '19`', 'SS 19` - 2013.01', 'N', NULL, '', 'N'),
	(423, 55, '응급센터 영상의학과 MRI 접수', '', 'SS', '2011-01-01', '19`', 'SS 19` - 2011', 'N', NULL, '', 'N'),
	(424, 50, '응급센터 간호데스크 02', '', 'SS', '2018-01-01', '19`', 'SS 19` - 2018', 'N', NULL, '', 'N'),
	(425, 50, '응급센터 간호데스크 03', '', 'SS', '2018-01-01', '19`', 'SS 19` - 2018', 'N', NULL, '', 'N'),
	(426, 50, '응급센터 의료진 01', '', 'SS', '2018-01-01', '19`', 'SS 19` - 2018', 'N', NULL, '', 'N'),
	(427, 50, '응급센터 의료진 02', '', 'SS', '2018-01-01', '19`', 'SS 19` - 2018', 'N', NULL, '', 'N'),
	(428, 50, '응급센터 의료진 03', '', 'SS', '2016-01-01', '19`', 'SS 19` - 2016', 'N', NULL, '', 'N'),
	(429, 50, '응급센터 당직실 (의료진)', '', 'SS', '2018-01-01', '19`', 'SS 19` - 2018', 'N', NULL, '', 'N'),
	(430, 50, '응급센터 환자분류소', '', 'SS', '2011-01-01', '19`', 'SS 19` - 2011', 'N', NULL, '', 'N'),
	(431, 50, '응급센터 선별진료소', '', 'SS', '2017-01-01', '19`', 'SS 19` - 2017', 'N', NULL, '', 'N'),
	(432, 50, '응급센터 심폐소생실', '', 'SS', '2011-01-01', '19`', 'SS 19` - 2011', 'N', NULL, '', 'N'),
	(433, 50, '의무기록사01', '', 'SS', '2011-01-01', '19`', 'SS 19` - 2011', 'N', NULL, '', 'N'),
	(434, 50, '상담실', '', 'SS', '2017-01-01', '19`', 'SS 19` - 2017', 'N', NULL, '', 'N'),
	(435, 16, '진료실 내과 01', '', 'DELL', '2022-01-01', '24`', 'DELL 24` - 2022', 'N', NULL, '', 'N'),
	(436, 16, '진료실 내과 02', '', 'SS', '2013-01-01', '19`', 'SS 19` - 2013', 'N', NULL, '', 'N'),
	(437, 16, '진료실 내과 03', '', 'DELL', '2020-01-01', '24`', 'DELL 24` - 2020', 'N', NULL, '', 'N'),
	(438, 16, '진료실 내과 05', '', 'SS', '2017-01-01', '19`', 'SS 19` - 2017', 'N', NULL, '', 'N'),
	(439, 16, '진료실 내과 04(감염)', '', 'LG', '2022-01-01', '27`', 'LG 27` - 2022(개인)', 'N', NULL, '', 'N'),
	(440, 66, '진료실 내과 06(신장)', '', 'SS', '2017-01-01', '19`', 'SS 19` - 2017', 'N', NULL, '', 'N'),
	(441, 17, '진료실 심장내과 01', '', 'SS', '2017-01-01', '19`', 'SS 19` - 2017', 'N', NULL, '', 'N'),
	(442, 17, '진료실 심장내과 01 (판독용)', '', 'DELL', '2018-01-01', '24`', 'DELL 24` - 2018', 'N', NULL, '', 'N'),
	(443, 17, '진료실 심장내과 02', '', 'SS', '2015-01-01', '19`', 'SS 19` - 2015', 'N', NULL, '', 'N'),
	(444, 17, '진료실 심장내과 03', '', 'SS', '2014-01-01', '19`', 'SS 19` - 2014', 'N', NULL, '', 'N'),
	(445, 21, '진료실 소아청소년과 01', '', 'SS', '2014-01-01', '19`', 'SS 19` - 2014', 'N', NULL, '', 'N'),
	(446, 21, '진료실 소아청소년과 02', '', 'SS', '2011-01-01', '19`', 'SS 19` - 2011', 'N', NULL, '', 'N'),
	(447, 21, '진료실 소아청소년과 03', '', 'SS', '2018-01-01', '19`', 'SS 19` - 2018', 'N', NULL, '', 'N'),
	(448, 20, '진료실 외과 01', '', 'SS', '2015-01-01', '19`', 'SS 19` - 2015', 'N', NULL, '', 'N'),
	(449, 20, '진료실 외과 02', '', '', NULL, '', 'PH 24`(개인) - 2019', 'N', NULL, '', 'N'),
	(450, 20, '진료실 외과 03', '', 'SS', '2017-01-01', '19`', 'SS 19` - 2017', 'N', NULL, '', 'N'),
	(451, 63, '진료실 흉부외과 01', '', 'SS', '2017-04-01', '19`', 'SS 19` - 2017.04', 'N', NULL, '', 'N'),
	(452, 19, '진료실 신경과 01', '', 'SS', '2011-01-01', '19`', 'SS 19` - 2011', 'N', NULL, '', 'N'),
	(453, 16, '간호데스크 내과 05', '', 'SS', '2011-01-01', '19`', 'SS 19` - 2011', 'N', NULL, '', 'N'),
	(454, 63, '간호데스크 흉부외과 01', '', 'SS', '2017-01-01', '19`', 'SS 19` - 2017', 'N', NULL, '', 'N'),
	(455, 19, '간호데스크 신경과 01', '', 'SS', '2011-01-01', '19`', 'SS 19` 2011', 'N', NULL, '', 'N'),
	(456, 26, '진료실 판독의 01', '', 'WIDE', '2021-01-01', '24`', 'WIDE 24` - 2021', 'N', NULL, '', 'N'),
	(457, 25, '검사실 01 실장', '', 'SS', '2017-01-01', '24`', 'SS 24` - 2017', 'N', NULL, '', 'N'),
	(458, 25, '검사실 원장님', '', 'SS', '2011-01-01', '19`', 'SS 19` - 2011', 'N', NULL, '', 'N'),
	(459, 26, '영상의학과 실장', '', 'SS', '2017-01-01', '19`', 'SS 19` - 2017', 'N', NULL, '', 'N'),
	(460, 26, '일반촬영실 접수', '', 'SS', '2011-01-01', '19`', 'SS 19` - 2011', 'N', NULL, '', 'N'),
	(461, 24, '진료실', '', 'SS', '2012-01-01', '19`', 'SS 19` - 2012', 'N', NULL, '', 'N'),
	(462, 17, '검사실 01 (판독용)', '', 'DELL', '2018-01-01', '24`', 'DELL 24` - 2018', 'N', NULL, '', 'N'),
	(463, 19, '검사실 01(근전도실)', '', 'SS', '2011-01-01', '19`', 'ss 19` - 2011', 'N', NULL, '', 'N'),
	(464, 22, '치과 의료진', '', 'SS', '2017-01-01', '19`', 'SS 19` - 2017', 'N', NULL, '', 'N'),
	(465, 22, '치과 접수데스크', '', 'SS', '2015-01-01', '19`', 'SS 19` - 2015', 'N', NULL, '', 'N'),
	(466, 22, '치과 상담실', '', 'SS', '2016-01-01', '19`', 'SS 19` - 2016', 'N', NULL, '', 'N'),
	(467, 31, '마취과 원장실 01', '', 'SS', '2016-01-01', '19`', 'SS 19` - 2016', 'N', NULL, '', 'N'),
	(468, 31, '마취과 원장실 02', '', 'SS', '2016-01-01', '19`', 'SS 19` - 2016', 'N', NULL, '', 'N'),
	(469, 31, '간호데스크 02', '', 'SS', '2011-03-01', '19`', 'SS 19` - 2011.03', 'N', NULL, '', 'N'),
	(470, 31, '간호데스크 03', '', 'SS', '2011-03-01', '19`', 'SS 19` - 2011.03', 'N', NULL, '', 'N'),
	(471, 31, '간호데스크 04(복도)', '', 'SS', '2011-03-01', '19`', 'SS 19` - 2011.03', 'N', NULL, '', 'N'),
	(472, 31, '의료진 휴게실 01', '', 'SS', '2017-01-01', '19`', 'SS 19` - 2017', 'N', NULL, '', 'N'),
	(473, 31, '의료진 휴게실 02', '', 'SS', '2017-01-01', '19`', 'SS 19` - 2017', 'N', NULL, '', 'N'),
	(474, 31, '수술방 전용 01', '', 'SS', '2011-01-01', '19`', 'SS 19` - 2011', 'N', NULL, '', 'N'),
	(475, 31, '수술방 전용 02', '', 'SS', '2017-01-01', '19`', 'SS 19` - 2017', 'N', NULL, '', 'N'),
	(476, 31, '수술방 전용 03', '', 'SS', '2011-01-01', '19`', 'SS 19` - 2011', 'N', NULL, '', 'N'),
	(477, 31, '수술방 전용 04', '', 'SS', '2011-01-01', '19`', 'SS 19` - 2011', 'N', NULL, '', 'N'),
	(478, 27, '간호데스크 03', '', 'SS', '2011-01-01', '19`', 'SS 19` - 2011', 'N', NULL, '', 'N'),
	(479, 30, '간호데스크 01', '', 'SS', '2011-01-01', '19`', 'SS 19` - 2011', 'N', NULL, '', 'N'),
	(480, 30, '간호데스크 02', '', 'SS', '2020-01-01', '19`', 'SS 19` - 2020', 'N', NULL, '', 'N'),
	(481, 30, '간호데스크 03', '', 'SS', '2018-01-01', '19`', 'SS 19` - 2018', 'N', NULL, '', 'N'),
	(482, 30, '간호데스크 04', '', 'SS', '2010-01-01', '19`', 'SS 19` - 2010', 'N', NULL, '', 'N'),
	(483, 58, '의국 01', '', 'SS', '2010-01-01', '19`', 'SS 19` - 2010', 'N', NULL, '', 'N'),
	(484, 58, '의국 02 (판독전용)', '', 'UDEA', '2024-01-01', '24`', 'UDEA 24` - 2022', 'N', NULL, '', 'N'),
	(485, 58, '조정실 담당자 (정성훈 실장)', '', 'SS', '2015-01-01', '19`', 'SS 19` - 2015', 'N', NULL, '', 'N'),
	(486, 32, '간호데스크 03', '', 'SS', '2011-01-01', '19`', 'SS 19` - 2011', 'N', NULL, '', 'N'),
	(487, 32, '간호데스크 04', '', 'SS', '2011-01-01', '19`', 'SS 19` - 2011', 'N', NULL, '', 'N'),
	(488, 32, '간호데스크 05', '', 'SS', '2019-01-01', '19`', 'SS 19` - 2019', 'N', NULL, '', 'N'),
	(489, 32, '의료진 01', '', 'SS', '2011-01-01', '19`', 'SS 19` - 2011', 'N', NULL, '', 'N'),
	(490, 33, '간호데스크 07', '', 'SS', '2016-01-01', '19`', 'SS 19` - 2016', 'N', NULL, '', 'N'),
	(491, 33, '간호데스크 08', '', 'SS', '2011-01-01', '19`', 'SS 19` - 2011', 'N', NULL, '', 'N'),
	(492, 34, '간호데스크 01', '', 'SS', '2011-01-01', '19`', 'SS 19` -2011', 'N', NULL, '', 'N'),
	(493, 34, '간호데스크 02', '', 'SS', '2011-01-01', '19`', 'SS 19` -2011', 'N', NULL, '', 'N'),
	(494, 34, '간호데스크 04', '', 'SS', '2011-01-01', '19`', 'SS 19` - 2011', 'N', NULL, '', 'N'),
	(495, 35, '간호데스크 05', '', 'SS', '2011-01-01', '19`', 'SS 19` - 2011', 'N', NULL, '', 'N'),
	(496, 35, '간호데스크 06', '', 'SS', '2011-01-01', '19`', 'SS 19` -2011', 'N', NULL, '', 'N'),
	(497, 35, '간호데스크 07', '', 'SS', '2011-01-01', '19`', 'SS 19` -2011', 'N', NULL, '', 'N'),
	(498, 35, '간호데스크 08', '', 'SS', '2015-01-01', '19`', 'SS 19` - 2015', 'N', NULL, '', 'N'),
	(499, 35, '의료진 01', '', 'SS', '2019-01-01', '19`', 'SS 19` - 2019', 'N', NULL, '', 'N'),
	(500, 36, '간호데스크 03', '', 'SS', '2015-05-01', '19`', 'SS 19` - 2015.05', 'N', NULL, '', 'N'),
	(501, 37, '간호데스크 05', '', 'SS', '2015-09-01', '19`', 'SS 19` - 2015.09', 'N', NULL, '', 'N'),
	(502, 47, '병원장실', '', 'DELL', '2020-01-01', '24`', 'DELL 24` - 확인불가', 'N', NULL, '', 'N'),
	(503, 38, '간호과장01', '', 'SS', '2020-05-01', '19`', 'SS 19` - 2020.05', 'N', NULL, '', 'N'),
	(504, 38, '간호과장02', '', 'SS', '2020-05-01', '19`', 'SS 19` - 2020.05', 'N', NULL, '', 'N'),
	(505, 47, '인사 담당 01', '', 'SS', '2013-04-01', '19`', 'SS 19` - 2013.04', 'N', NULL, '', 'N'),
	(506, 47, '인사 담당 02', '', 'DELL', NULL, '19`', 'DELL 19` - 확인불가', 'N', NULL, '', 'N'),
	(507, 47, '총무과장', '', 'SS', '2018-01-01', '24`', 'SS 24` - 2018.01', 'N', NULL, '', 'N'),
	(508, 47, '구매 담당 01', '', 'SS', '2011-08-01', '22`', 'SS 22` - 2011.08', 'N', NULL, '', 'N'),
	(509, 47, '기획홍보 담당', '', 'SS', '2011-08-01', '19`', 'SS 19` - 2011.08', 'N', NULL, '', 'N'),
	(510, 47, '총무 인턴01', '', 'DELL', '2011-01-01', '19`', 'DELL 19` - 확인불가', 'N', NULL, '', 'N'),
	(511, 47, '회계팀장', '', 'DELL', NULL, '24`', 'DELL 24` - 확인불가', 'N', NULL, '', 'N'),
	(512, 47, '회계 담당 01', '', 'DELL', '2019-01-01', '24`', 'DELL 24` - 확인불가', 'N', NULL, '', 'N'),
	(513, 41, '심사과 01', '', 'SS', '2011-03-01', '19`', 'SS 19` - 2011.03', 'N', NULL, '', 'N'),
	(514, 41, '심사과 02', '', 'SS', '2011-03-01', '19`', 'SS 19` - 2011.03', 'N', NULL, '', 'N'),
	(515, 41, '심사과 03', '', 'SS', '2017-01-01', '19`', 'SS 19` - 2017.01', 'N', NULL, '', 'N'),
	(516, 41, '심사과 04', '', 'SS', '2011-03-01', '19`', 'SS 19` - 2011.03', 'N', NULL, '', 'N'),
	(517, 41, '심사과 05', '', 'SS', '2011-03-01', '19`', 'SS 19` - 2011.03', 'N', NULL, '', 'N'),
	(518, 46, '영양사실 01', '', 'SS', '2011-03-01', '19`', 'SS 19` - 2011.03', 'N', NULL, '', 'N'),
	(519, 46, '영양사실 02', '', 'SS', '2011-03-01', '19`', 'SS 19` - 2011.03', 'N', NULL, '', 'N'),
	(520, 60, '연구실 01', '', 'SS', '2015-01-01', '19`', 'SS 19` - 2015', 'N', NULL, '', 'N'),
	(521, 60, '연구실 03 (김보영 원장)', '', 'SS', '2015-01-01', '19`', 'SS 19` - 2015', 'N', NULL, '', 'N'),
	(522, 60, '연구실 06 (한　철 원장)', '', 'SS', '2021-01-01', '24`', 'SS 24` - 2021', 'N', NULL, '', 'N'),
	(523, 60, '연구실 07 (박선호 행정부장)', '', 'SS', '2011-01-01', '19`', 'SS 19` - 2011', 'N', NULL, '', 'N'),
	(524, 60, '연구실 08 (박종철 원장)', '', 'DELL', '2011-01-01', '19`', 'DELL 19` - 2011', 'N', NULL, '', 'N'),
	(525, 60, '연구실 99 (KS 메디컬)', '', 'SS', '2020-01-01', '19`', 'SS 19` - 2020', 'N', NULL, '', 'N'),
	(526, 39, '교육실 담당자', '', 'HP', '2019-01-01', '22`', 'HP 22` - 2019', 'N', NULL, '', 'N'),
	(527, 39, '교육실 담당자02', '', 'SS', '2015-01-01', '19`', 'SS 19` - 2015', 'N', NULL, '', 'N'),
	(528, 61, '보건관리 담당자', '', 'SS', '2017-01-01', '19`', 'SS 19` - 2017', 'N', NULL, '', 'N'),
	(529, 62, '적정관리 담당자', '', 'SS', '2015-01-01', '19`', 'SS 19` - 2015', 'N', NULL, '', 'N');

-- 테이블 ks.printer 구조 내보내기
CREATE TABLE IF NOT EXISTS `printer` (
  `printer_id` int(11) NOT NULL AUTO_INCREMENT COMMENT '프린트 키값',
  `department_id` int(11) NOT NULL COMMENT '부서 키값',
  `print_place` varchar(255) DEFAULT NULL,
  `print_place_date` date NOT NULL COMMENT '배치 날짜',
  `print_name` varchar(255) DEFAULT NULL,
  `print_code` varchar(255) DEFAULT NULL,
  `print_color` varchar(255) DEFAULT NULL,
  `print_product_date` date NOT NULL COMMENT '생산년도',
  `print_buy_date` date NOT NULL COMMENT '구입년도',
  `print_serial_number` varchar(255) DEFAULT NULL,
  `print_unique_number` varchar(255) DEFAULT NULL,
  `print_ip` varchar(255) DEFAULT NULL,
  `print_text` varchar(255) DEFAULT NULL,
  `print_del` varchar(255) DEFAULT NULL,
  `print_del_date` date DEFAULT NULL COMMENT '폐기 날짜',
  `print_del_text` varchar(255) DEFAULT NULL,
  `del` varchar(255) DEFAULT NULL,
  PRIMARY KEY (`printer_id`),
  KEY `FK_printer_department` (`department_id`),
  CONSTRAINT `FK_printer_department` FOREIGN KEY (`department_id`) REFERENCES `department` (`department_id`)
) ENGINE=InnoDB AUTO_INCREMENT=130 DEFAULT CHARSET=utf8mb4 COLLATE=utf8mb4_uca1400_ai_ci;

-- 테이블 데이터 ks.printer:~129 rows (대략적) 내보내기
INSERT INTO `printer` (`printer_id`, `department_id`, `print_place`, `print_place_date`, `print_name`, `print_code`, `print_color`, `print_product_date`, `print_buy_date`, `print_serial_number`, `print_unique_number`, `print_ip`, `print_text`, `print_del`, `print_del_date`, `print_del_text`, `del`) VALUES
	(1, 1, '테스트 장소', '2025-04-22', '삼성', '테스트', 'C', '2025-04-22', '2025-04-22', '', '테스트 번호', '', '', 'Y', NULL, '', 'N'),
	(2, 3, '테스트 장소2', '2025-04-22', '삼성', '테스트2', 'C', '2025-04-22', '2025-04-22', '', '테스트 번호2', '', '', 'Y', NULL, '', 'N'),
	(3, 4, '영상의학과 본관', '2011-03-01', 'Samsung', 'ML-2525K', 'B', '2011-03-01', '2011-03-30', '', 'PR-11-005', '', '', 'N', NULL, NULL, 'N'),
	(4, 5, '원무 접수수납7', '2011-03-01', 'Samsung', 'SL-M3710ND', 'B', '2011-03-01', '2011-03-01', '', 'PR-11-006', '3.129', '처방전', 'N', NULL, NULL, 'N'),
	(5, 6, '안내데스크', '2013-03-01', 'Samsung', 'ML-2540R', 'B', '2013-03-01', '2013-03-01', '', 'PR-13-001', '', '', 'N', NULL, '', 'N'),
	(6, 7, '감염관리실', '2014-05-01', 'Samsung', 'SL-M2620', 'B', '2014-05-01', '2014-05-01', '', 'PR-14-001', '', '', 'N', NULL, NULL, 'N'),
	(7, 8, '정형외과3 외래', '2014-05-01', 'Samsung', 'SL-M2620', 'B', '2014-05-01', '2014-05-01', 'ZD17B8GF5B000MH', 'PR-14-002', '', '', 'N', NULL, '', 'N'),
	(8, 9, '약제과 약사', '2014-08-01', 'Samsung', 'SL-M2670FN', 'B', '2014-08-01', '2014-08-01', '', 'PR-14-011', '2.114', '', 'N', NULL, NULL, 'N'),
	(9, 5, '원무 접수수납3', '2016-09-01', 'Samsung', 'SL-M3320ND', 'B', '2016-09-01', '2016-09-01', '', 'PR-16-007', '3.117', '확인증', 'Y', '2025-06-10', '수리 불가 판정', 'N'),
	(10, 5, '원무 접수수납4-5', '2016-09-01', 'Samsung', 'SL-M3320ND', 'B', '2016-09-01', '2016-09-01', '', 'PR-16-008', '3.144', '확인증', 'N', NULL, NULL, 'N'),
	(11, 5, '원무 접수수납7', '2016-10-01', 'Samsung', 'SL-M3320ND', 'B', '2016-10-01', '2016-10-01', '', 'PR-16-010', '3.139', '확인증 / 픽업롤러 교체 ', 'N', NULL, NULL, 'N'),
	(12, 5, '원무 접수수납1-2', '2016-11-01', 'Samsung', 'SL-M3320ND', 'B', '2016-11-01', '2016-11-01', '', 'PR-16-018', '3.116', '처방전', 'N', NULL, NULL, 'N'),
	(13, 5, '원무 접수수납 3', '2016-11-01', 'Samsung', 'SL-M3320ND', 'B', '2016-11-01', '2016-11-01', '', 'PR-16-019', '3.134', '영수증', 'N', NULL, NULL, 'N'),
	(14, 5, '원무 접수수납 3', '2016-11-01', 'Samsung', 'SL-M3320ND', 'B', '2016-11-01', '2016-11-01', '', 'PR-16-020', '3.135', '처방전', 'N', NULL, NULL, 'N'),
	(15, 8, '정형외과1 진료실', '2025-02-01', 'Samsung', 'SL-M2843DW', 'B', '2025-01-01', '2025-02-01', '', 'PR-25-001', '', '', 'N', NULL, NULL, 'N'),
	(16, 10, '전산실 예비', '2017-02-01', 'Samsung', 'SL-M2620', 'B', '2017-02-01', '2017-02-01', '', 'PR-17-003', '', '하단 출력 1칸 안됨', 'N', NULL, NULL, 'N'),
	(17, 11, '진료협력실', '2017-12-01', 'Samsung', 'SL-M2670FN', 'B', '2017-12-01', '2017-12-01', '', 'PR-17-006', '3.99', '', 'N', NULL, NULL, 'N'),
	(18, 12, '신경외과 외래', '2017-12-01', 'Samsung', 'SL-M3820ND', 'B', '2017-12-01', '2017-12-01', '', 'PR-17-007', '2.138', '', 'N', NULL, NULL, 'N'),
	(19, 5, '원무 접수수납 공통', '2018-05-01', 'Samsung', 'SL-M2670FN', 'B', '2018-05-01', '2018-05-01', '', 'PR-18-002', '2.224', 'Fax', 'N', NULL, NULL, 'N'),
	(20, 13, '주사실', '2018-12-01', 'Samsung', 'SL-M2670FN', 'B', '2018-12-01', '2018-12-01', '', 'PR-18-003', '', '', 'N', NULL, NULL, 'N'),
	(21, 5, '원무접수수납1-2', '2019-05-01', 'Samsung', 'SL-M3320ND', 'B', '2019-05-01', '2019-05-01', '', 'PR-19-002', '3.131', '영수증', 'N', NULL, NULL, 'N'),
	(22, 5, '원무접수수납4-5', '2019-05-01', 'Samsung', 'SL-M3320ND', 'B', '2019-05-01', '2019-05-01', '', 'PR-19-003', '3.136', '영수증', 'N', NULL, NULL, 'N'),
	(23, 5, '원무접수수납4-5', '2019-05-01', 'Samsung', 'SL-M3320ND', 'B', '2019-05-01', '2019-05-01', '', 'PR-19-004', '3.137', '처방전', 'N', NULL, NULL, 'N'),
	(24, 5, '원무접수수납7', '2019-05-01', 'Samsung', 'SL-M3320ND', 'B', '2019-05-01', '2019-05-01', '', 'PR-19-005', '3.128', '영수증', 'N', NULL, NULL, 'N'),
	(25, 5, '원무과 사무실', '2020-02-01', 'HP', 'Office Jet Pro 8210', 'C', '2020-02-01', '2020-02-01', '', 'PR-20-001', '3.119', '', 'N', NULL, NULL, 'N'),
	(26, 14, '무인수납기', '2021-05-01', 'HP', 'M607', 'C', '2021-05-01', '2021-05-01', 'CNBRN3S01P K0Q14A', 'PR-21-005', '', '무인수납기', 'N', NULL, '', 'N'),
	(27, 5, '원무 접수수납 1-2', '2022-04-01', 'Samsung', 'SL-M3820ND', 'B', '2022-04-01', '2022-04-01', '0A7WB8GT5A00TXK', 'PR-22-003', '3.130', '확인증', 'N', NULL, NULL, 'N'),
	(28, 5, '원무 접수수납 5-6', '2022-04-01', 'Samsung', 'SL-M4030ND', 'B', '2022-04-01', '2202-04-01', '0A7WB8GT5A00TXK', 'PR-22-005', '3.138', '제증명', 'N', NULL, '', 'N'),
	(29, 9, '악제과', '2022-04-01', 'Samsung', 'SL-M3820ND', 'B', '2022-04-01', '2022-04-01', '', 'PR-22-002', '', '약봉투', 'N', NULL, '', 'N'),
	(30, 5, '원무 접수수납 5-6', '2022-06-01', 'Samsung', 'SL-M2893FW', 'B', '2022-06-01', '2022-06-01', '', 'PR-22-005', '3.151', 'Scan', 'N', NULL, NULL, 'N'),
	(31, 10, '전산실 예비', '2023-04-01', 'Samsung', 'SL-M3220ND', 'B', '2023-04-01', '2023-04-01', '', 'PR-23-004', '', '', 'N', NULL, NULL, 'N'),
	(32, 5, '원무 접수수납4', '2023-04-01', 'Samsung', 'SL-M3220ND', 'B', '2023-04-01', '2023-04-01', 'ZPMCB8GTAA009SD', 'PR-23-007', '3.132', '제증명', 'N', NULL, NULL, 'N'),
	(33, 10, '전산실 예비', '2023-04-01', 'Samsung', 'C433W', 'C', '2023-04-01', '2023-04-01', '', 'PR-23-009', '', '', 'N', NULL, NULL, 'N'),
	(34, 9, '약제과', '2023-07-01', 'Samsung', 'SL-M3220ND', 'B', '2022-10-01', '2023-07-01', '', 'PR-23-012', '2.116', '복약지도', 'N', NULL, NULL, 'N'),
	(35, 9, '약제과', '2023-08-01', 'HP', 'HP M501dn', 'B', '2023-08-01', '2023-08-01', '', 'PR-23-014', '2.115', '처방전', 'N', NULL, NULL, 'N'),
	(36, 5, '원무 접수수납 공통', '2023-08-01', 'HP', 'HP M501dn', 'B', '2023-08-01', '2023-08-01', '', 'PR-23-013', '2.050', '제증명', 'N', NULL, '', 'N'),
	(37, 5, '원무과 사무실', '2024-03-01', 'Samsung', 'SL-M2843DW', 'B', '2024-03-01', '2024-03-01', 'SEC842519E00376', 'PR-24-005', '3.120', '', 'N', NULL, NULL, 'N'),
	(38, 15, '재활치료실', '2011-03-01', 'Samsung', 'ML-2525K', 'B', '2011-03-01', '2011-03-01', '', 'PR-11-007', '', '', 'N', NULL, NULL, 'N'),
	(39, 16, '내과6 외래', '2011-03-01', 'Samsung', 'ML-2525K', 'B', '2011-03-01', '2011-03-01', '', 'PR-11-008', '', '', 'N', NULL, NULL, 'N'),
	(40, 17, '심장내과 외래', '2011-03-01', 'Samsung', 'ML-2525K', 'B', '2011-03-01', '2011-03-01', '', 'PR-11-009', '', '', 'N', NULL, NULL, 'N'),
	(41, 18, '전산실', '2011-03-01', 'Samsung', 'SCX-4833FR', 'B', '2011-03-01', '2011-03-01', '', 'PR-11-010', '3.221', '', 'N', NULL, NULL, 'N'),
	(42, 19, '신경과 외래', '2014-05-01', 'Samsung', 'SL-M2620', 'B', '2014-05-01', '2014-05-01', '', 'PR-14-003', '', '', 'N', NULL, NULL, 'N'),
	(43, 19, '신경과 진료실', '2014-05-01', 'Samsung', 'SL-M2620', 'B', '2014-05-01', '2014-05-01', '', 'PR-14-004', '', '', 'N', NULL, NULL, 'N'),
	(44, 16, '내과1 외래', '2014-06-01', 'Samsung', 'SL-M2620', 'B', '2014-06-01', '2014-06-01', '', 'PR-14-009', '', '', 'N', NULL, NULL, 'N'),
	(45, 15, '물리치료실', '2014-08-01', 'Samsung', 'SL-M2620', 'B', '2014-08-01', '2014-08-01', '', 'PR-14-012', '', '', 'N', NULL, NULL, 'N'),
	(46, 18, '전산실', '2014-10-01', 'Samsung', 'C433W', 'C', '2014-10-01', '2014-10-01', '', 'PR-14-013', '', '', 'N', NULL, '', 'N'),
	(47, 15, '재활', '2015-04-01', 'Samsung', 'SL-M2620', 'B', '2015-04-01', '2015-04-01', '', 'PR-15-001', '', '', 'N', NULL, NULL, 'N'),
	(48, 25, '진단검사실 혈액학', '2015-05-01', 'Samsung', 'SL-M2620', 'B', '2015-05-01', '2015-05-01', '', 'PR-15-002', '', '혈액학', 'N', NULL, NULL, 'N'),
	(49, 25, '진단검사실', '2016-04-01', 'Samsung', 'SL-M3370FD', 'B', '2016-04-01', '2016-04-01', '', 'PR-16-003', '2.117', '', 'N', NULL, NULL, 'N'),
	(50, 24, '2층 내시경실', '2016-05-01', 'Samsung', 'SL-M2620', 'B', '2016-05-01', '2016-05-01', '', 'PR-16-005', '', '', 'N', NULL, NULL, 'N'),
	(51, 25, '진단검사실 혈액은행', '2016-07-01', 'Samsung', 'SL-M2620', 'B', '2016-07-01', '2016-07-01', '', 'PR-16-006', '', '혈액은행', 'N', NULL, NULL, 'N'),
	(52, 23, '2F 원무과', '2016-09-01', 'Samsung', 'SL-M3320ND', 'B', '2016-09-01', '2016-09-01', 'ZDG0BJFHA0002QA', 'PR-16-009', '2.047', '처방전 / 픽업롤러교체', 'N', NULL, NULL, 'N'),
	(53, 23, '2F 원무과', '2016-09-01', 'Samsung', 'SL-M3320ND', 'B', '2016-09-01', '2016-09-01', 'ZDG0BJFHA0002DF', 'PR-16-011', '2.048', '영수증', 'N', NULL, '', 'N'),
	(54, 23, '2F 원무과', '2016-10-01', 'Samsung', 'SL-M3320ND', 'B', '2016-10-01', '2016-10-01', 'ZDG0B8GH9A00ZA', 'PR-16-012', '2.049', '확인증', 'N', NULL, NULL, 'N'),
	(55, 21, '소아청소년과1 외래', '2016-11-01', 'Samsung', 'SL-M3320ND', 'B', '2016-11-01', '2016-11-01', 'ZDG0BJEHB00035B', 'PR-16-021', '3.234', '', 'N', NULL, NULL, 'N'),
	(56, 22, '치과', '2017-02-01', 'Samsung', 'SL-M2670FW', 'B', '2017-02-01', '2017-02-01', '', 'PR-17-002', '3.245', '', 'N', NULL, NULL, 'N'),
	(57, 16, '내과4 외래', '2017-05-01', 'Samsung', 'SL-M2620ND', 'B', '2017-05-01', '2017-05-01', 'ZD11B8GJ5A0014H', 'PR-17-004', '2.135', '', 'N', NULL, NULL, 'N'),
	(58, 15, '재활치료실', '2017-06-01', 'Brother', 'DCP-T300', 'C', '2017-06-01', '2017-06-01', '', 'PR-17-005', '', '', 'N', NULL, NULL, 'N'),
	(59, 25, '진단검사실 접수대', '2017-02-01', 'Samsung', 'SL-M2620', 'B', '2017-02-01', '2016-02-01', '', 'PR-17-008', '', '접수대', 'N', NULL, NULL, 'N'),
	(60, 20, '외과 외래', '2019-05-01', 'Samsung', 'SL-M3320ND', 'B', '2019-05-01', '2019-05-01', '', 'PR-19-006', '', '', 'N', NULL, NULL, 'N'),
	(61, 23, '2F 원무과', '2019-05-01', 'Samsung', 'SL-M3320ND', 'B', '2019-05-01', '2019-05-01', '', 'PR-19-007', '3.133', '제증명', 'N', NULL, NULL, 'N'),
	(62, 25, '진단검사실', '2020-02-01', 'HP', 'Office Jet Pro 8210', 'C', '2020-02-01', '2020-02-01', '', 'PR-20-002', '2.118', '', 'N', NULL, NULL, 'N'),
	(63, 16, '내과3 외래', '2021-09-01', 'HP', 'Office Jet Pro 8210', 'C', '2021-09-01', '2021-09-01', '', 'PR-21-009', '2.207', '', 'N', NULL, NULL, 'N'),
	(64, 17, '심장내과1 진료실', '2023-04-01', 'Samsung', 'C433W', 'C', '2023-04-01', '2024-04-01', '', 'PR-23-003', '', '', 'N', NULL, NULL, 'N'),
	(65, 16, '내과1 진료실', '2023-04-01', 'Samsung', 'C433W', 'C', '2023-04-01', '2024-04-01', '', 'PR-23-005', '', '', 'N', NULL, NULL, 'N'),
	(66, 26, '2층 영상의학과 차장실', '2024-05-14', 'Samsung', 'SL-M2843DW', 'B', '2024-03-01', '2024-05-14', '', 'PR-24-006', '', '', 'N', NULL, NULL, 'N'),
	(67, 27, '인공신장실', '2011-03-01', 'Samsung', 'ML-2525K', 'B', '2011-03-01', '2011-03-01', '', 'PR-11-011', '', '', 'N', NULL, NULL, 'N'),
	(68, 28, '중앙공급실', '2011-03-01', 'Samsung', 'ML-2525K', 'B', '2011-03-01', '2011-03-01', '', 'PR-11-012', '', '', 'N', NULL, NULL, 'N'),
	(69, 29, '심혈관조영실', '2014-05-01', 'Samsung', 'SL-M2620', 'B', '2014-05-01', '2014-05-01', '', 'PR-14-005', '', '', 'N', NULL, NULL, 'N'),
	(70, 30, '중환자실', '2021-01-05', 'Samsung', 'SL-M2630ND', 'B', '2021-01-05', '0021-01-05', '', 'PR-21-001', '3.237', '', 'N', NULL, '', 'N'),
	(71, 31, '수술실', '2021-07-01', 'Samsung', 'SL-M2680FN', 'B', '2021-07-01', '2021-07-01', '', 'PR-21-007', '3.238', '', 'N', NULL, NULL, 'N'),
	(72, 30, '중환자실', '2023-12-01', 'HP', 'LaserJet Pro 4003dn', 'B', '2023-12-01', '2023-12-01', '', 'PR-23-015', '', 'EKG 연동 전용', 'N', NULL, NULL, 'N'),
	(73, 32, '5A병동', '2021-04-01', 'Samsung', 'SL-M2630ND', 'B', '2021-04-01', '2021-04-01', '', 'PR-21-002', '2.139', '', 'N', NULL, '', 'N'),
	(74, 33, '5B병동', '2021-04-01', 'Samsung', 'SL-M2630ND', 'B', '2021-04-01', '2021-04-01', '', 'PR-21-003', '2.079', '', 'N', NULL, '', 'N'),
	(75, 35, '6B병동', '2014-05-01', 'Samsung', 'SL-M2620', 'B', '2014-05-01', '2014-05-01', '', 'PR-14-006', '', '', 'Y', '2025-05-23', '프린터 부품 노후화 / 굉음 / A/S 불가', 'N'),
	(76, 34, '6A병동', '2024-03-01', 'Samsung', 'SL-M2843DW', 'B', '2023-07-01', '2024-03-01', '', 'PR-24-002', '', '', 'N', NULL, NULL, 'N'),
	(77, 36, '7A병동', '2020-12-01', 'Samsung', 'SL-M2630ND', 'B', '2020-12-01', '2020-12-01', 'ZKLSB8GNCB004NB', 'PR-20-004', '2.070', '', 'N', NULL, '', 'N'),
	(78, 37, '7B병동', '2024-08-01', 'Samsung', 'SL-M2630ND', 'B', '2024-08-01', '2024-08-01', 'ZKLSB8GX8A009MA', 'PR-20-009', '2.196', '', 'N', NULL, NULL, 'N'),
	(79, 44, '연구실06', '2011-02-01', 'Samsung', 'ML-2525K', 'B', '2011-02-01', '2011-02-01', '', 'PR-11-013', '', '', 'N', NULL, NULL, 'N'),
	(80, 47, '총무과', '2011-04-01', 'Samsung', 'SL-M3310ND', 'B', '2011-04-01', '2011-04-01', '', 'PR-11-015', '3.187', '', 'N', NULL, NULL, 'N'),
	(81, 41, '심사과', '2012-11-01', 'Samsung', 'SL-M3310ND', 'B', '2012-11-01', '2012-11-01', '', 'PR-12-002', '2.251', '', 'N', NULL, NULL, 'N'),
	(82, 42, '연구실03', '2014-05-01', 'Samsung', 'SL-M2620', 'B', '2014-05-01', '2014-05-01', '', 'PR-14-007', '', '', 'N', NULL, NULL, 'N'),
	(83, 45, '연구실08', '2014-05-01', 'Samsung', 'SL-M2620', 'B', '2014-05-01', '2014-05-01', '', 'PR-14-008', '', '', 'N', NULL, NULL, 'N'),
	(84, 39, '교육실', '2016-03-01', 'Samsung', 'SL-M2670FN', 'B', '2016-03-01', '2016-03-01', '', 'PR-16-014', '3.147', '', 'N', NULL, NULL, 'N'),
	(85, 48, '행정부장실', '2016-04-01', 'HP', 'CP1025', 'C', '2016-04-01', '2016-04-01', '', 'PR-16-013', '', '', 'N', NULL, NULL, 'N'),
	(86, 40, '병원장실', '2016-04-01', 'HP', 'CP1025', 'C', '2016-04-01', '2016-04-01', '', 'PR-16-004', '', '', 'N', NULL, NULL, 'N'),
	(87, 46, '영양실', '2019-05-01', 'Samsung', 'SL-M3820ND', 'B', '2019-05-01', '2019-05-01', '', 'PR-19-008', '3.175', '', 'N', NULL, NULL, 'N'),
	(88, 39, '교육실', '2021-04-01', 'HP', 'Office Jet Pro 8210', 'C', '2021-04-01', '2021-04-01', '', 'PR-21-004', '3.174', '', 'N', NULL, NULL, 'N'),
	(89, 38, '간호과장실', '2021-09-01', 'HP', 'Office Jet Pro 8210', 'C', '2021-01-01', '2021-09-01', '', 'PR-21-010', '2.087', '', 'N', NULL, '', 'N'),
	(90, 38, '간호과장실', '2021-09-01', 'Samsung', 'SL-M2680FN', 'B', '2021-08-01', '2021-09-01', '', 'PR-21-011', '2.088', '', 'N', NULL, NULL, 'N'),
	(91, 47, '총무과', '2024-03-01', 'Samsung', 'SL-J3520W', 'C', '2022-11-01', '2024-03-01', '', 'PR-24-003', '3.189', '무한잉크 금호월드', 'N', NULL, '', 'N'),
	(92, 41, '심사과', '2023-07-01', 'Samsung', 'SL-M2893FW', 'B', '2023-07-01', '2024-03-01', '', 'PR-24-001', '2.250', '', 'N', NULL, NULL, 'N'),
	(93, 49, '회계팀', '2019-06-01', 'Brother', 'DCP-T310', 'C', '2019-06-01', '2019-06-01', '', 'PR-19-010', '', '', 'N', NULL, NULL, 'N'),
	(94, 49, '회계팀', '2019-06-01', 'Brother', 'DCP-T310', 'C', '2019-06-01', '2019-06-01', '', 'PR-19-011', '', '', 'N', NULL, NULL, 'N'),
	(95, 43, '연구실04', '2025-04-15', 'Samsung', 'SL-M2630ND', 'B', '2025-04-15', '2025-04-15', '', 'PR-25-003', '', '', 'N', NULL, NULL, 'N'),
	(96, 52, '종검 작은사무실', '2011-02-01', 'Samsung', 'ML-3310ND', 'B', '2011-02-01', '2011-02-01', '', 'PR-11-001', '3.196', '', 'N', NULL, NULL, 'N'),
	(97, 52, '종검 큰사무실', '2011-02-01', 'Samsung', 'ML-4555N', 'B', '2011-02-11', '2011-02-11', '', 'PR-11-004', '3.198', '', 'N', NULL, NULL, 'N'),
	(98, 52, '종검 기초검사데스크', '2011-03-01', 'Samsung', 'ML-2525K', 'B', '2011-03-01', '2011-03-01', '', 'PR-11-002', '', '', 'N', NULL, NULL, 'N'),
	(99, 55, '응급센터 영상의학과 MRI', '2011-03-01', 'Samsung', 'ML-2525K', 'B', '2011-03-01', '2011-03-01', '', 'PR-11-014', '', '', 'N', NULL, '', 'N'),
	(100, 52, '종검 청력검사데스크', '2011-04-01', 'Samsung', 'CF-650P', 'B', '2011-04-01', '2011-04-01', '', 'PR-11-016', '', 'Fax', 'N', NULL, '', 'N'),
	(101, 50, '응급센터 간호데스크', '2012-01-01', 'Samsung', 'SL-M2630ND', 'B', '2012-01-01', '2012-01-01', '', 'PR-12-001', '3.159', '', 'N', NULL, NULL, 'N'),
	(102, 52, '종검 큰사무실', '2014-07-01', 'Samsung', 'SL-M2670FN', 'B', '2014-07-01', '2014-07-01', '', 'PR-14-010', '3.199', '', 'N', NULL, '', 'N'),
	(103, 52, '종검 접수 1-2', '2016-11-01', 'Samsung', 'SL-M3320ND', 'B', '2016-11-01', '2016-11-01', '', 'PR-16-022', '3.205', '확인증', 'N', NULL, NULL, 'N'),
	(104, 52, '종검 접수 1-2', '2016-11-01', 'Samsung', 'SL-M3320ND', 'B', '2016-11-01', '2016-11-01', 'ZDG08BJEHB00063T', 'PR-16-023', '3.206', '제증명', 'N', NULL, NULL, 'N'),
	(105, 5, '응급실 원무과 당직실', '2019-04-01', 'Samsung', 'SL-M3320ND', 'B', '2019-04-01', '2019-04-01', '', 'PR-19-001', '3.141', '영수증', 'N', NULL, '', 'N'),
	(106, 5, '응급실 원무과 당직실', '2019-05-01', 'Samsung', 'SL-M3320ND', 'B', '2019-05-01', '2019-05-01', '', 'PR-19-009', '3.142', '처방전', 'N', NULL, NULL, 'N'),
	(107, 50, '응급실 간호데스크', '2020-07-01', 'HP', 'Office Jet Pro 8210', 'C', '2020-07-01', '2020-07-01', '', 'PR-20-003', '3.166', '', 'N', NULL, NULL, 'N'),
	(108, 52, '부인과 외래', '2020-12-01', 'Samsung', 'SL-M2630ND', 'B', '2020-12-01', '2020-12-01', '', 'PR-20-005', '3.192', '', 'N', NULL, NULL, 'N'),
	(109, 52, '종검 접수 1', '2021-05-01', 'Samsung', 'SL-M2680FN', 'B', '2021-05-01', '2020-05-01', '', 'PR-21-006', '3.200', 'Fax', 'N', NULL, NULL, 'N'),
	(110, 5, '응급실 원무과 당직실', '2021-07-01', 'Samsung', 'SL-M2680FN', 'B', '2021-07-01', '2021-07-01', '', 'PR-21-008', '2.183', '제증명 및 Fax', 'N', NULL, '', 'N'),
	(111, 52, '종검 접수 3', '2022-08-01', 'Samsung', 'SL-M3820ND', 'B', '2022-08-01', '2022-08-01', '', 'PR-22-006', '3.193', '제증명', 'N', NULL, NULL, 'N'),
	(112, 52, '종검 내시경실', '2022-09-01', 'Samsung', 'SL-M3370FD', 'B', '2022-09-01', '2022-09-01', '', 'PR-22-007', '3.155', 'Scan', 'N', NULL, NULL, 'N'),
	(113, 52, '종검 작은사무실', '2022-09-01', 'Samsung', 'SL-M3820ND', 'B', '2022-09-01', '2022-09-01', '', 'PR-22-001', '', '', 'N', NULL, NULL, 'N'),
	(114, 51, '관리과', '2023-04-01', 'Samsung', 'SL-M2680FN', 'B', '2023-04-01', '2023-04-01', '', 'PR-23-002', '3.145', '', 'N', NULL, '', 'N'),
	(115, 52, '종검 체성분 검사', '2023-06-01', 'Samsung', 'SL-M2843DW', 'B', '2023-06-01', '2023-06-01', '', 'PR-23-011', '', '', 'N', NULL, NULL, 'N'),
	(116, 50, '응급실 처치실', '2023-06-01', 'Samsung', 'SL-M2630ND', 'B', '2023-06-01', '2023-06-01', '', 'PR-23-010', '', '', 'N', NULL, NULL, 'N'),
	(117, 50, '응급실 의무기록실', '2024-01-01', 'Samsung', 'SL-M2893FW', 'B', '2024-01-01', '2024-01-01', '', 'PR-24-004', '3.152', '', 'N', NULL, NULL, 'N'),
	(118, 52, '종검 작은사무실', '2016-10-01', 'Samsung', 'SL-M3320ND', 'B', '2016-10-01', '2016-10-01', '', 'PR-16-002', '', '', 'N', NULL, NULL, 'N'),
	(119, 52, '종검 외부데스크', '2016-10-01', 'Samsung', 'SL-M3320ND', 'B', '2016-10-01', '2016-10-01', '', 'PR-16-001', '', '체크리스트', 'N', NULL, NULL, 'N'),
	(120, 52, '종검 접수 3-4', '2016-10-01', 'Samsung', 'SL-M3320ND', 'B', '2016-10-01', '2016-10-01', 'ZDG0BJHA00033P', 'PR-16-015', '3.203', '확인증', 'N', NULL, NULL, 'N'),
	(121, 52, '종검 접수 3-4', '2016-10-01', 'Samsung', 'SL-M3320ND', 'B', '2016-10-01', '2016-10-01', '', 'PR-16-016', '3.202', '영수증', 'N', NULL, NULL, 'N'),
	(122, 52, '종검 접수', '2016-10-01', 'Samsung', 'SL-M3320ND', 'B', '2016-10-01', '2016-10-01', '', 'PR-16-017', '3.204', '처방전전', 'N', NULL, NULL, 'N'),
	(123, 52, '종검 작은사무실', '2018-06-01', 'HP', 'Office Jet Pro 8210', 'C', '2018-06-01', '2018-06-01', '', 'PR-18-001', '3.197', '', 'N', NULL, NULL, 'N'),
	(124, 52, '종검 스트레스 검사실', '2021-03-01', 'Samsung', 'C433W', 'C', '2021-03-01', '2021-03-01', '', 'PR-23-008', '08HFB8GR3A00B4K', '', 'N', NULL, NULL, 'N'),
	(125, 52, '종검 작은사무실', '2024-09-03', 'HP', 'HP M501dn', 'B', '2024-09-03', '2024-09-03', 'J8H61A', 'PR-24-007', '3.195', '', 'N', NULL, NULL, 'N'),
	(126, 51, '관리과', '2024-10-01', 'HP', 'Office Jet Pro 8210', 'C', '2024-08-01', '2024-10-01', '', 'PR-24-008', '', '', 'N', NULL, NULL, 'N'),
	(127, 52, '내시경실', '2025-03-19', 'Samsung', 'SL-M2843WD', 'B', '2025-03-19', '2025-03-19', '', 'PR-25-002', '3.223', '', 'N', NULL, NULL, 'N'),
	(128, 35, '6B병동', '2025-05-23', 'Samsung', 'SL-M2630ND', 'B', '2025-04-01', '2025-05-22', 'ZKLSB8GY4A00ATN', 'PR-25-004', '', '', 'N', NULL, NULL, 'N'),
	(129, 5, '원무 접수수납3', '2025-06-10', 'Samsung', 'SL-M3830ND', 'B', '2025-06-10', '2025-06-10', '', 'PR-25-005', '3.117', '확인증', 'N', NULL, NULL, 'N');

-- 테이블 ks.printer_toner 구조 내보내기
CREATE TABLE IF NOT EXISTS `printer_toner` (
  `print_toner_id` int(11) NOT NULL AUTO_INCREMENT COMMENT '프린트와 토너를 연결해주는 키값',
  `print_code` varchar(255) DEFAULT NULL,
  `toner_name` varchar(255) DEFAULT NULL,
  PRIMARY KEY (`print_toner_id`)
) ENGINE=InnoDB AUTO_INCREMENT=65 DEFAULT CHARSET=utf8mb4 COLLATE=utf8mb4_uca1400_ai_ci;

-- 테이블 데이터 ks.printer_toner:~33 rows (대략적) 내보내기
INSERT INTO `printer_toner` (`print_toner_id`, `print_code`, `toner_name`) VALUES
	(32, 'SL-M2630ND', 'MLT-K250L'),
	(33, 'SL-M2843WD', 'MLT-K250L'),
	(34, 'SL-M2843DW', 'MLT-K250L'),
	(35, 'Office Jet Pro 8210', '무한잉크'),
	(36, 'HP M501dn', 'CF287A'),
	(37, 'LaserJet Pro 4003dn', 'W1510A(미구매)'),
	(38, 'SL-M3220ND', 'MLT-D405L'),
	(39, 'C433W', 'CLT-( )404S'),
	(40, 'DCP-T310', 'BT6000/BT5000'),
	(41, 'DCP-T300', 'BT6000/BT5000'),
	(42, 'SL-M3320ND', 'MLT-D203L'),
	(43, 'SL-M2620', 'MLT-D115L'),
	(44, 'SL-J3520W', '무한잉크'),
	(45, 'SL-M2893FN', 'MLT-K250L'),
	(46, 'SL-M2893FW', 'MLT-K250L'),
	(47, 'SL-M2680FN', 'MLT-K250L'),
	(48, 'SL-M3370FD', 'MLT-D203L'),
	(49, 'SL-M3820ND', 'MLT-D203L/203E'),
	(50, 'SL-M4030ND', 'MLT-D201S'),
	(51, 'M607', 'CF237A'),
	(52, 'SL-M2670FN', 'MLT-D115L'),
	(53, 'SL-M2670FW', 'MLT-D115L'),
	(54, 'CP1025', 'CE31( )A'),
	(55, 'ML-2540R', 'MLT-D105L'),
	(56, 'SL-M3310ND', 'MLT-D205L'),
	(57, 'CF-650P', 'MLT-D105S'),
	(58, 'ML-2525K', 'MLT-D105L'),
	(59, 'SL-M3710ND', 'MLT-D205L'),
	(60, 'SCX-4833FR', 'MLT-D205L'),
	(61, 'ML-3310ND', 'MLT-D205L'),
	(62, 'ML-4555N', 'MLT-D308L'),
	(63, 'SL-M2620ND', 'MLT-D115L'),
	(64, 'SL-M3830ND', 'MLT-D405L');

-- 테이블 ks.print_locate_history 구조 내보내기
CREATE TABLE IF NOT EXISTS `print_locate_history` (
  `print_locate_history_id` int(11) NOT NULL AUTO_INCREMENT COMMENT '프린터 위치 변경 히스토리 키값',
  `printer_id` int(11) NOT NULL COMMENT '프린트 키값',
  `department_before_name` varchar(255) DEFAULT NULL,
  `department_new_name` varchar(255) DEFAULT NULL,
  `print_after_date` date DEFAULT NULL COMMENT '이동 날짜',
  `print_text` varchar(255) DEFAULT NULL,
  `print_repair` varchar(255) DEFAULT NULL,
  `print_repair_date` date DEFAULT NULL COMMENT '수리 날짜',
  `history_tag` varchar(255) DEFAULT NULL,
  `del` varchar(255) DEFAULT NULL,
  PRIMARY KEY (`print_locate_history_id`),
  KEY `FK_print_locate_history_printer` (`printer_id`),
  CONSTRAINT `FK_print_locate_history_printer` FOREIGN KEY (`printer_id`) REFERENCES `printer` (`printer_id`)
) ENGINE=InnoDB AUTO_INCREMENT=20 DEFAULT CHARSET=utf8mb4 COLLATE=utf8mb4_uca1400_ai_ci;

-- 테이블 데이터 ks.print_locate_history:~19 rows (대략적) 내보내기
INSERT INTO `print_locate_history` (`print_locate_history_id`, `printer_id`, `department_before_name`, `department_new_name`, `print_after_date`, `print_text`, `print_repair`, `print_repair_date`, `history_tag`, `del`) VALUES
	(1, 1, '입력테스트 2', '입력테스트', '2025-04-25', '부서 변경에 따른 이력 자동 생성', NULL, NULL, '부서 변경', 'N'),
	(2, 1, NULL, NULL, NULL, '', '수리 테스트', '2025-04-25', '수리', 'N'),
	(3, 1, NULL, NULL, NULL, '', '수리 테스트2', '2025-04-23', '수리', 'Y'),
	(4, 1, NULL, NULL, NULL, '', '수리 테스트3', '2025-04-26', '수리', 'N'),
	(5, 1, NULL, NULL, NULL, '', '수리 테스트4', '2025-04-30', '수리', 'N'),
	(6, 1, '입력테스트', '입력테스트 2', '2025-04-25', '부서 변경에 따른 이력 자동 생성', NULL, NULL, '부서 변경', 'Y'),
	(7, 105, '응급센터', '원무과', '2025-05-01', '부서 변경에 따른 이력 자동 생성', NULL, NULL, '부서 변경', 'N'),
	(8, 36, '약제과', '원무과', '2025-05-03', '부서 변경에 따른 이력 자동 생성', NULL, NULL, '부서 변경', 'N'),
	(9, 99, '응급센터', '영상의학과ER', '2025-05-13', '부서 변경에 따른 이력 자동 생성', NULL, NULL, '부서 변경', 'N'),
	(10, 109, NULL, NULL, NULL, '정착기 위 롤러에 잉크 굳음', '정착기 위 롤러에 잉크 굳음', '2025-05-19', '수리', 'N'),
	(11, 75, NULL, NULL, NULL, '정착기 위 롤러 녹음', '정착기 위 롤러 녹음', '2025-05-19', '수리', 'N'),
	(12, 19, NULL, NULL, NULL, '뒤 쪽 센서 신호 보내는 부품이 고장남', '뒤 쪽 센서 신호 보내는 부품이 고장남', '2025-05-17', '수리', 'N'),
	(13, 7, NULL, NULL, NULL, '롤러 확인 하였고 나중에 교체 하기로 함', '용지함 롤러 확인', '2025-05-27', '수리', 'N'),
	(14, 114, '원무과', '관리과', '2025-05-28', '부서 변경에 따른 이력 자동 생성', NULL, NULL, '부서 변경', 'N'),
	(15, 114, NULL, NULL, NULL, '간혈적 증상으로 수리 안함', '하단 1칸 미출력', '2025-05-28', '수리', 'N'),
	(16, 110, '관리과', '원무과', '2025-05-28', '부서 변경에 따른 이력 자동 생성', NULL, NULL, '부서 변경', 'N'),
	(17, 9, NULL, NULL, NULL, '수리 불가 판정', '수리 불가', '2025-06-07', '수리', 'N'),
	(18, 76, NULL, NULL, NULL, '정착기 교체', '정착기 교체', '2025-06-05', '수리', 'N'),
	(19, 54, NULL, NULL, NULL, '정착기 교체 ', '정착기 교체', '2025-06-11', '수리', 'N');

-- 테이블 ks.provider 구조 내보내기
CREATE TABLE IF NOT EXISTS `provider` (
  `provider_id` int(11) NOT NULL AUTO_INCREMENT COMMENT '거래처 키값',
  `toner_id` int(11) NOT NULL COMMENT '토너 키값',
  `provider_name` varchar(20) NOT NULL COMMENT '거래처 이름',
  `provider_number` varchar(15) NOT NULL COMMENT '거래처 번호',
  `provider_people` varchar(10) DEFAULT NULL COMMENT '거래처 담당자',
  `provider_address` varchar(50) DEFAULT NULL COMMENT '거래처 주소',
  `provider_del` varchar(1) NOT NULL COMMENT 'Y or N / 삭제 여부',
  `del` varchar(1) DEFAULT NULL COMMENT '플래그 값 / Y or N',
  PRIMARY KEY (`provider_id`),
  KEY `FK_provider_toner` (`toner_id`),
  CONSTRAINT `FK_provider_toner` FOREIGN KEY (`toner_id`) REFERENCES `toner` (`toner_id`)
) ENGINE=InnoDB DEFAULT CHARSET=utf8mb4 COLLATE=utf8mb4_uca1400_ai_ci;

-- 테이블 데이터 ks.provider:~0 rows (대략적) 내보내기

-- 테이블 ks.toner 구조 내보내기
CREATE TABLE IF NOT EXISTS `toner` (
  `toner_id` int(11) NOT NULL AUTO_INCREMENT COMMENT '토너 키값',
  `toner_name` varchar(20) NOT NULL COMMENT '제품명',
  `toner_code` varchar(15) NOT NULL COMMENT '제품코드',
  `toner_text` varchar(20) NOT NULL COMMENT '비고',
  `toner_unit` varchar(10) NOT NULL COMMENT '단위',
  `toner_quantity` int(11) NOT NULL COMMENT '적정 재고',
  `del` varchar(1) NOT NULL COMMENT '플래그 값 / Y or N',
  PRIMARY KEY (`toner_id`)
) ENGINE=InnoDB AUTO_INCREMENT=32 DEFAULT CHARSET=utf8mb4 COLLATE=utf8mb4_uca1400_ai_ci;

-- 테이블 데이터 ks.toner:~31 rows (대략적) 내보내기
INSERT INTO `toner` (`toner_id`, `toner_name`, `toner_code`, `toner_text`, `toner_unit`, `toner_quantity`, `del`) VALUES
	(1, '테스트 제품명', '테스트 코드', '테스트 비고', '테스트 단위', 0, 'Y'),
	(2, 'MLT-D105L', 'KS-TS02', '삼성프린터 / 2500매', 'EA', 4, 'N'),
	(3, 'MLT-D115L', 'KS-TS03', '삼성프린터 /3000매/18700원', 'EA', 7, 'N'),
	(4, 'MLT-D201S', 'KS-TS04', '삼성프린터 /10000매/55000원', 'EA', 2, 'N'),
	(5, 'MLT-D203L', 'KS-TS05', '삼성프린터/5000매/28000원', 'EA', 9, 'N'),
	(6, 'MLT-D203E', 'KS-TS06', '삼성프린터/10000매', 'EA', 2, 'N'),
	(7, 'MLT-D205L', 'KS-TS07', '삼성프린터/5000매', 'EA', 3, 'N'),
	(8, 'MLT-K250L', 'KS-TS08', '삼성프린터/3000매/26400원', 'EA', 12, 'N'),
	(9, 'MLT-D405L', 'KS-TS010', '삼성프린터/5000매', 'EA', 5, 'N'),
	(10, 'CF287A', 'KS-TH02', 'HP / 9000매 / 25000원', 'EA', 3, 'N'),
	(11, 'CE310A(BK)', 'KS-THC05', 'HP', 'EA', 2, 'N'),
	(12, 'CE311A(C)', 'KS-THC06', 'HP', 'EA', 2, 'N'),
	(13, 'CE312A(Y)', 'KS-THC07', 'HP', 'EA', 2, 'N'),
	(14, 'CE313A(M)', 'KS-THC08', 'HP', 'EA', 2, 'N'),
	(15, 'CLT-K404S', 'KS-TSC01', '삼성프린터', 'EA', 3, 'N'),
	(16, 'CLT-Y404S', 'KS-TSC02', '삼성프린터', 'EA', 3, 'N'),
	(17, 'CLT-C404S', 'KS-TSC03', '삼성프린터', 'EA', 3, 'N'),
	(18, 'CLT-M404S', 'KS-TSC04', '삼성프린터', 'EA', 3, 'N'),
	(19, 'CLT-K405S', 'KS-TSC05', '삼성프린터', 'EA', 0, 'N'),
	(20, 'CLT-Y405S', 'KS-TSC06', '삼성프린터', 'EA', 0, 'N'),
	(21, 'CLT-C405S', 'KS-TSC07', '삼성프린터', 'EA', 0, 'N'),
	(22, 'CLT-M405S', 'KS-TSC08', '삼성프린터', 'EA', 0, 'N'),
	(23, 'CF237A', 'KS-TH03', 'HP / 11000매 ', 'EA', 2, 'N'),
	(24, 'H6088-01LB', 'H6088-01LB', '무한잉크 검정', 'EA', 1, 'N'),
	(25, 'H8940-01LC', 'H8940-01LC', '무한잉크 파랑', 'EA', 1, 'N'),
	(26, 'H8940-01LM', 'H8940-01LM', '무한잉크 빨강', 'EA', 1, 'N'),
	(27, 'H8940-01LY', 'H8940-01LY', '무한잉크 노랑', 'EA', 1, 'N'),
	(28, 'BT6000-BK', 'BT6000-BK', '브라더 검정', 'EA', 3, 'N'),
	(29, 'BT5000-M', 'BT5000-M', '브라더 빨강', 'EA', 3, 'N'),
	(30, 'BT5000-C', 'BT5000-C', '브라더 파랑', 'EA', 3, 'N'),
	(31, 'BT6000-Y', 'BT6000-Y', '브라더 노랑', 'EA', 3, 'N');

-- 테이블 ks.toner_history 구조 내보내기
CREATE TABLE IF NOT EXISTS `toner_history` (
  `history_id` int(11) NOT NULL AUTO_INCREMENT COMMENT '토너 히스토리 키값',
  `toner_id` int(11) NOT NULL COMMENT '키값',
  `department_name` varchar(255) NOT NULL,
  `history_date` date NOT NULL COMMENT '일자',
  `history_received` int(11) DEFAULT NULL COMMENT '입고수량',
  `history_delivery` int(11) DEFAULT NULL COMMENT '출고수량',
  `history_text` varchar(50) DEFAULT NULL COMMENT '메모',
  `del` varchar(1) DEFAULT NULL COMMENT '플래그 값 / Y or N',
  PRIMARY KEY (`history_id`),
  KEY `FK_toner_history_toner` (`toner_id`),
  CONSTRAINT `FK_toner_history_toner` FOREIGN KEY (`toner_id`) REFERENCES `toner` (`toner_id`)
) ENGINE=InnoDB AUTO_INCREMENT=634 DEFAULT CHARSET=utf8mb4 COLLATE=utf8mb4_uca1400_ai_ci;

-- 테이블 데이터 ks.toner_history:~192 rows (대략적) 내보내기
INSERT INTO `toner_history` (`history_id`, `toner_id`, `department_name`, `history_date`, `history_received`, `history_delivery`, `history_text`, `del`) VALUES
	(1, 1, '입력테스트', '2025-04-29', 0, 1, '테스트', 'Y'),
	(2, 1, '입력테스트', '2025-04-29', 0, 1, '테스트2', 'Y'),
	(3, 1, '입력테스트', '2025-04-29', 1, 0, '테스트 입고', 'Y'),
	(11, 2, '영상의학과', '2025-05-02', 1, 1, '테스트', 'Y'),
	(12, 3, '신경과', '2025-05-02', 0, 1, '', 'N'),
	(13, 10, '종합검진', '2025-05-03', 0, 1, '종검 작은사무실', 'N'),
	(14, 8, '7A병동', '2025-05-07', 0, 1, '7A 병동', 'N'),
	(15, 8, '원무과', '2025-05-06', 0, 1, '원무과 응급실', 'N'),
	(16, 8, '5A병동', '2025-05-06', 0, 1, '5A 병동', 'N'),
	(17, 8, '5A병동', '2025-05-06', 0, 1, '5A 불량 교체 (가루 누수 70%)', 'N'),
	(18, 8, '5B병동', '2025-05-06', 0, 2, '5B 병동(교체 후 버림)', 'N'),
	(19, 9, '원무과', '2025-05-06', 0, 1, '원무과 퇴원계', 'N'),
	(20, 8, '종합검진', '2025-05-07', 0, 1, '종검 접수', 'N'),
	(21, 5, '약제과', '2025-05-07', 0, 1, '1F 약제과', 'N'),
	(22, 8, '6A병동', '2025-05-07', 0, 1, '6A 병동', 'N'),
	(23, 8, '원무과', '2025-05-07', 0, 1, '원무과 사무실', 'N'),
	(24, 8, '종합검진', '2025-05-07', 0, 1, '내시경실', 'N'),
	(25, 3, '원무과', '2025-05-08', 0, 1, '1F 원무과', 'N'),
	(26, 8, '심사과', '2025-05-08', 0, 1, '8F 심사과', 'N'),
	(27, 3, '교육실', '2025-05-08', 0, 1, '8F 교육실', 'N'),
	(28, 5, '원무과', '2025-05-08', 0, 1, '1F 원무과', 'N'),
	(109, 5, '원무과', '2025-05-09', 0, 1, '1F 원무과', 'N'),
	(110, 10, '원무과', '2025-05-09', 0, 1, '1F 원무과', 'N'),
	(465, 8, '7B 병동', '2025-04-01', 0, 1, '7B 병동', 'N'),
	(466, 3, '2F 진단검사실', '2025-04-01', 0, 1, '2F 진단검사실', 'N'),
	(467, 8, '8F 심사과', '2025-04-01', 0, 1, '8F 심사과', 'N'),
	(468, 10, '1F 약제과', '2025-04-01', 0, 1, '1F 약제과', 'N'),
	(469, 5, '2F 원무과 불량', '2025-04-01', 0, 1, '2F 원무과 불량', 'N'),
	(470, 8, '5A 병동', '2025-04-03', 0, 1, '5A 병동', 'N'),
	(471, 3, '1F 원무과', '2025-04-03', 0, 1, '1F 원무과', 'N'),
	(472, 5, '1F 원무과 불량 교체', '2025-04-03', 0, 1, '1F 원무과 불량 교체', 'N'),
	(473, 5, '', '2025-03-28', 4, 0, '', 'N'),
	(474, 5, '1F 원무과', '2025-04-04', 0, 1, '1F 원무과', 'N'),
	(475, 2, '3F 인공신장실', '2025-04-04', 0, 1, '3F 인공신장실', 'N'),
	(476, 10, '1F 원무과', '2025-04-04', 0, 1, '1F 원무과', 'N'),
	(477, 8, '6A 병동', '2025-04-04', 0, 1, '6A 병동', 'N'),
	(478, 2, '2F 심장내과', '2025-04-04', 0, 1, '2F 심장내과', 'N'),
	(479, 5, '2F 원무과', '2025-04-05', 0, 1, '2F 원무과', 'N'),
	(480, 8, '1F 원무과 사무실', '2025-04-05', 0, 1, '1F 원무과 사무실', 'N'),
	(481, 9, '1F 원무과(불량)', '2025-04-05', 0, 1, '1F 원무과(불량)', 'N'),
	(482, 8, '5A 토너 교체', '2025-04-07', 0, 1, '5A 토너 교체', 'N'),
	(483, 8, '5A 불량 교체', '2025-04-07', 0, 1, '5A 불량 교체', 'N'),
	(484, 5, '1F 원무과', '2025-04-07', 0, 1, '1F 원무과', 'N'),
	(485, 8, '5B 병동', '2025-04-07', 0, 1, '5B 병동', 'N'),
	(486, 15, '지하 스트레스실', '2025-04-07', 0, 1, '지하 스트레스실', 'N'),
	(487, 17, '지하 스트레스실', '2025-04-07', 0, 1, '지하 스트레스실', 'N'),
	(488, 8, '지하 접수처', '2025-04-08', 0, 1, '지하 접수처', 'N'),
	(489, 2, '', '2025-04-09', 2, 0, '', 'N'),
	(490, 3, '', '2025-04-09', 4, 0, '', 'N'),
	(491, 5, '', '2025-04-09', 8, 0, '', 'N'),
	(492, 8, '', '2025-04-09', 11, 0, '', 'N'),
	(493, 9, '', '2025-04-09', 3, 0, '', 'N'),
	(494, 17, '', '2025-04-09', 2, 0, '', 'N'),
	(495, 10, '', '2025-04-09', 2, 0, '', 'N'),
	(496, 3, '2F 진단검사실', '2025-04-09', 0, 1, '2F 진단검사실', 'N'),
	(497, 5, '1F 원무과 처방전', '2025-04-10', 0, 1, '1F 원무과 처방전', 'N'),
	(498, 4, '1F 원무과 재증명', '2025-04-11', 0, 1, '1F 원무과 재증명', 'N'),
	(499, 8, '1F 의무기록실', '2025-04-11', 0, 1, '1F 의무기록실', 'N'),
	(500, 8, '1F 원무과 당직실', '2025-04-12', 0, 1, '1F 원무과 당직실', 'N'),
	(501, 5, '2F 원무과', '2025-04-12', 0, 1, '2F 원무과', 'N'),
	(502, 8, '1F 원무과', '2025-04-12', 0, 1, '1F 원무과', 'N'),
	(503, 8, '7F A병동', '2025-04-14', 0, 1, '7F A병동', 'N'),
	(504, 10, '1F 약제과', '2025-04-14', 0, 1, '1F 약제과', 'N'),
	(505, 11, '8F 행정부장실', '2025-04-15', 0, 1, '8F 행정부장실', 'N'),
	(506, 5, '8F 영양과', '2025-04-16', 0, 1, '8F 영양과', 'N'),
	(507, 3, '1F 진료협력실', '2025-04-16', 0, 1, '1F 진료협력실', 'N'),
	(508, 5, '지하 내시경실', '2025-04-16', 0, 1, '지하 내시경실', 'N'),
	(509, 8, '지하 내시경실', '2025-04-17', 0, 1, '지하 내시경실', 'N'),
	(510, 9, '1F 원무과', '2025-04-09', 0, 1, '1F 원무과', 'N'),
	(511, 9, '1F 원무과', '2025-04-17', 0, 1, '1F 원무과', 'N'),
	(512, 9, '재고 수정', '2025-04-17', 0, 1, '재고 수정', 'N'),
	(513, 8, '5F A병동', '2025-04-17', 0, 1, '5F A병동', 'N'),
	(514, 5, '지하 내시경실 불량 교체', '2025-04-17', 0, 1, '지하 내시경실 불량 교체', 'N'),
	(515, 10, '1F 약제과 불량 교체', '2025-04-18', 0, 1, '1F 약제과 불량 교체', 'N'),
	(516, 5, '지하 접수대 불량', '2025-04-18', 0, 1, '지하 접수대 불량', 'N'),
	(517, 8, '6F A병동', '2025-04-18', 0, 1, '6F A병동', 'N'),
	(518, 8, '7B', '2025-04-19', 0, 1, '7B', 'N'),
	(519, 9, '1F 약제과', '2025-04-19', 0, 1, '1F 약제과', 'N'),
	(520, 2, '2F 신장내과', '2025-04-21', 0, 1, '2F 신장내과', 'N'),
	(521, 8, '1F 원무과 당직실', '2025-04-22', 0, 1, '1F 원무과 당직실', 'N'),
	(522, 10, '1F 원무과', '2025-04-22', 0, 1, '1F 원무과', 'N'),
	(523, 5, '지하 종검 접수대', '2025-04-23', 0, 1, '지하 종검 접수대', 'N'),
	(524, 5, '지하 종검 접수대', '2025-04-23', 0, 1, '지하 종검 접수대', 'N'),
	(525, 2, '1F 영상의학과', '2025-04-23', 0, 1, '1F 영상의학과', 'N'),
	(526, 3, '1F 약제과 사무실', '2025-04-23', 0, 1, '1F 약제과 사무실', 'N'),
	(527, 2, '', '2025-04-24', 2, 0, '', 'N'),
	(528, 5, '', '2025-04-24', 10, 0, '', 'N'),
	(529, 8, '', '2025-04-24', 12, 0, '', 'N'),
	(530, 9, '', '2025-04-24', 5, 0, '', 'N'),
	(531, 10, '', '2025-04-24', 3, 0, '', 'N'),
	(532, 5, '8F 영양과', '2025-04-24', 0, 1, '8F 영양과', 'N'),
	(533, 9, '1F 약제과', '2025-04-24', 0, 1, '1F 약제과', 'N'),
	(534, 5, '1F 원무과', '2025-04-24', 0, 1, '1F 원무과', 'N'),
	(535, 8, '3F 수술실', '2025-04-24', 0, 1, '3F 수술실', 'N'),
	(536, 5, '1F 원무과', '2025-04-25', 0, 1, '1F 원무과', 'N'),
	(537, 9, '1F 원무과', '2025-04-25', 0, 1, '1F 원무과', 'N'),
	(538, 5, '2F 원무과', '2025-04-26', 0, 1, '2F 원무과', 'N'),
	(539, 4, '1F 원무과', '2025-04-29', 0, 1, '1F 원무과', 'N'),
	(540, 8, '7F B병동', '2025-04-29', 0, 1, '7F B병동', 'N'),
	(541, 5, '1F 약제과', '2025-04-29', 0, 1, '1F 약제과', 'N'),
	(542, 2, '2F 심장내과', '2025-04-30', 0, 1, '2F 심장내과', 'N'),
	(543, 5, '2F 진단검사실', '2025-04-30', 0, 1, '2F 진단검사실', 'N'),
	(544, 3, '6B병동/저번 교체 후 반납 안함', '2025-04-30', 0, 2, '6B병동/저번 교체 후 반납 안함', 'N'),
	(545, 2, '전산실', '2025-05-09', 2, 0, '토너 입고', 'N'),
	(546, 3, '전산실', '2025-05-09', 5, 0, '토너 입고', 'N'),
	(547, 4, '전산실', '2025-05-09', 1, 0, '토너 입고', 'N'),
	(548, 5, '전산실', '2025-05-09', 7, 0, '토너 입고', 'N'),
	(549, 8, '전산실', '2025-05-09', 10, 0, '토너 입고', 'N'),
	(550, 9, '전산실', '2025-05-09', 3, 0, '토너 입고', 'N'),
	(551, 9, '전산실', '2025-05-09', 2, 0, '토너 입고', 'Y'),
	(552, 10, '전산실', '2025-05-09', 2, 0, '토너 입고', 'N'),
	(553, 10, '약제과', '2025-05-10', 0, 1, '1F 약제과', 'N'),
	(554, 8, '7B병동', '2025-05-12', 0, 1, '7F B병동', 'N'),
	(555, 7, '원무과', '2025-05-12', 0, 1, '1F 원무과', 'N'),
	(556, 8, '6A병동', '2025-05-13', 0, 1, '6F A병동 불량 교체', 'N'),
	(557, 5, '원무과2F', '2025-05-14', 0, 1, '2F 원무과', 'N'),
	(558, 8, '종합검진', '2025-05-14', 0, 1, '내시경실', 'N'),
	(559, 3, '감염관리실', '2025-05-14', 0, 1, '1F 감염관리실', 'N'),
	(560, 8, '5A병동', '2025-05-15', 0, 1, '5A 병동', 'N'),
	(561, 5, '원무과', '2025-05-16', 0, 1, '1F 원무과', 'N'),
	(562, 9, '원무과', '2025-05-16', 0, 1, '1F 원무과', 'N'),
	(563, 6, '영양실', '2025-05-16', 0, 1, '8F 영양실', 'N'),
	(564, 4, '원무과2F', '2025-05-19', 0, 1, '2F 원무과', 'N'),
	(565, 5, '원무과', '2025-05-19', 0, 1, '1F 원무과', 'N'),
	(566, 5, '종합검진', '2025-05-19', 0, 1, '종검 접수', 'N'),
	(567, 5, '원무과', '2025-05-19', 0, 1, '1F 원무과', 'N'),
	(568, 5, '원무과', '2025-05-19', 0, 1, '1F 원무과', 'N'),
	(569, 6, '종합검진', '2025-05-19', 0, 1, '종검 접수', 'N'),
	(570, 18, '심장내과', '2025-05-19', 0, 1, '심장내과 진료실', 'N'),
	(571, 17, '심장내과', '2025-05-19', 0, 1, '심장내과 진료실', 'N'),
	(572, 16, '심장내과', '2025-05-19', 0, 1, '심장내과 진료실', 'N'),
	(573, 8, '수술실', '2025-05-19', 0, 1, '3F 수술실', 'N'),
	(574, 5, '원무과', '2025-05-20', 0, 1, '1F 원무과', 'N'),
	(575, 3, '정형외과', '2025-05-20', 0, 1, '1F 정형외과', 'N'),
	(576, 8, '5B병동', '2025-05-21', 0, 1, '5B병동', 'N'),
	(577, 8, '원무과', '2025-05-21', 0, 1, '원무과 당직실', 'N'),
	(578, 6, '영양실', '2025-05-22', 0, 1, '영양실 불량토너 교체 (가루 날림)', 'N'),
	(579, 3, '6B병동', '2025-05-23', 1, 0, '토너 반납', 'N'),
	(580, 8, '6B병동', '2025-05-23', 0, 1, '6B 병동', 'N'),
	(581, 3, '6B병동', '2025-05-23', 1, 0, '프린터 교체로 인한 반납', 'N'),
	(582, 8, '6B병동', '2025-05-24', 0, 1, '6B 병동', 'Y'),
	(583, 9, '원무과', '2025-05-26', 0, 1, '원무과 퇴원계', 'N'),
	(584, 10, '약제과', '2025-05-26', 0, 1, '약제과 ', 'N'),
	(585, 3, '전산실1F', '2025-05-26', 3, 0, '토너 입고', 'N'),
	(586, 4, '전산실1F', '2025-05-26', 1, 0, '토너 입고', 'N'),
	(587, 5, '전산실1F', '2025-05-26', 9, 0, '토너 입고', 'N'),
	(588, 6, '전산실1F', '2025-05-26', 1, 0, '토너 입고', 'N'),
	(589, 8, '전산실1F', '2025-05-26', 9, 0, '토너 입고', 'N'),
	(590, 9, '전산실1F', '2025-05-26', 2, 0, '토너 입고', 'N'),
	(591, 18, '전산실1F', '2025-05-26', 1, 0, '토너 입고', 'N'),
	(592, 10, '전산실1F', '2025-05-26', 1, 0, '토너 입고', 'N'),
	(593, 8, '7B병동', '2025-05-26', 0, 1, '7F B병동', 'N'),
	(594, 8, '종합검진', '2025-05-26', 0, 1, '지하 내시경실', 'N'),
	(595, 10, '원무과', '2025-05-26', 0, 1, '1F 원무과', 'N'),
	(596, 5, '종합검진', '2025-05-27', 0, 1, '지하 내시경실', 'N'),
	(597, 8, '6A병동', '2025-05-27', 0, 1, '6A 병동', 'N'),
	(598, 8, '5A병동', '2025-05-27', 0, 1, '5A 병동', 'N'),
	(599, 5, '종합검진', '2025-05-27', 0, 1, '종검 접수', 'N'),
	(600, 3, '치과', '2025-05-27', 0, 1, '2F 치과', 'N'),
	(601, 5, '원무과', '2025-05-29', 0, 1, '1F 원무과 당직실', 'N'),
	(602, 8, '원무과', '2025-05-29', 0, 1, '1F 원무과 사무실', 'N'),
	(603, 8, '응급센터', '2025-05-29', 0, 1, '1F 응급실 토너 불량', 'N'),
	(604, 8, '응급센터', '2025-05-29', 0, 1, '1F 응급실', 'N'),
	(605, 3, '진료협력실', '2025-05-30', 0, 1, '1F 진료협력실 ', 'N'),
	(606, 4, '원무과', '2025-05-31', 0, 1, '1F 원무과', 'N'),
	(607, 5, '원무과2F', '2025-06-02', 0, 1, '2F 원무과', 'N'),
	(608, 5, '소아청소년과', '2025-06-02', 0, 1, '2F 소아과', 'N'),
	(609, 3, '진단검사실', '2025-06-02', 0, 1, '2F 진단검사실', 'N'),
	(610, 28, '회계팀', '2025-06-02', 0, 1, '8F 회계팀 안쪽', 'N'),
	(611, 29, '회계팀', '2025-06-02', 0, 1, '8F 회계팀 안쪽', 'N'),
	(612, 30, '회계팀', '2025-06-02', 0, 1, '8F 회계팀 안쪽', 'N'),
	(613, 31, '회계팀', '2025-06-02', 0, 1, '8F 회계팀 안쪽', 'N'),
	(614, 24, '전산실1F', '2025-06-02', 0, 1, '무한잉크 충전', 'N'),
	(615, 8, '5A병동', '2025-06-03', 0, 1, '5A 병동', 'N'),
	(616, 8, '원무과', '2025-06-04', 0, 1, '1F 원무과 당직실', 'N'),
	(617, 8, '5B병동', '2025-06-04', 0, 1, '5B 병동', 'N'),
	(618, 9, '원무과', '2025-06-05', 0, 1, '1F 원무과', 'N'),
	(619, 8, '종합검진', '2025-06-05', 0, 1, 'B1 종합검진 접수대', 'N'),
	(620, 9, '원무과', '2025-06-07', 0, 1, '1F 원무과 (기존토너 불량)', 'N'),
	(621, 2, '심장내과', '2025-06-07', 0, 1, '2F 심장내과', 'N'),
	(622, 3, '전산실1F', '2025-06-10', 3, 0, '', 'Y'),
	(623, 4, '전산실1F', '2025-06-10', 1, 0, '', 'N'),
	(624, 5, '전산실1F', '2025-06-10', 4, 0, '', 'N'),
	(625, 8, '전산실1F', '2025-06-10', 10, 0, '', 'N'),
	(626, 10, '전산실1F', '2025-06-10', 1, 0, '', 'N'),
	(627, 3, '전산실1F', '2025-06-10', 3, 0, '토너 입고', 'N'),
	(628, 8, '6A병동', '2025-06-10', 0, 1, '6A 병동', 'N'),
	(629, 8, '7B병동', '2025-06-10', 0, 1, '7F B병동', 'N'),
	(630, 8, '7A병동', '2025-06-10', 0, 1, '7A 병동', 'N'),
	(631, 8, '수술실', '2025-06-10', 0, 1, '3F 수술실', 'N'),
	(632, 16, '종합검진', '2025-06-10', 0, 1, '종검 스트레스실', 'N'),
	(633, 8, '종합검진', '2025-06-10', 0, 1, '종검 부인과', 'N');

-- 테이블 ks.toner_month 구조 내보내기
CREATE TABLE IF NOT EXISTS `toner_month` (
  `toner_month_id` int(11) NOT NULL AUTO_INCREMENT COMMENT '월마감 아이디',
  `toner_name` varchar(20) NOT NULL COMMENT '토너 이름',
  `toner_month_date` date NOT NULL COMMENT '월마감 날짜',
  `toner_previous_month` int(11) NOT NULL COMMENT '전월 재고',
  `toner_current_month` int(11) NOT NULL COMMENT '현재고',
  `toner_month_received` int(11) NOT NULL COMMENT '입고수량',
  `toner_month_delivery` int(11) NOT NULL COMMENT '출고수량',
  PRIMARY KEY (`toner_month_id`)
) ENGINE=InnoDB AUTO_INCREMENT=75 DEFAULT CHARSET=utf8mb4 COLLATE=utf8mb4_uca1400_ai_ci;

-- 테이블 데이터 ks.toner_month:~74 rows (대략적) 내보내기
INSERT INTO `toner_month` (`toner_month_id`, `toner_name`, `toner_month_date`, `toner_previous_month`, `toner_current_month`, `toner_month_received`, `toner_month_delivery`) VALUES
	(1, 'MLT-D105L', '2025-04-30', 3, 3, 0, 0),
	(2, 'MLT-D115L', '2025-04-30', 4, 4, 0, 0),
	(3, 'MLT-D201S', '2025-04-30', 1, 1, 0, 0),
	(4, 'MLT-D203L', '2025-04-30', 6, 6, 0, 0),
	(5, 'MLT-D203E', '2025-04-30', 4, 4, 0, 0),
	(6, 'MLT-D205L', '2025-04-30', 3, 3, 0, 0),
	(7, 'MLT-K250L', '2025-04-30', 13, 13, 0, 0),
	(8, 'MLT-D405L', '2025-04-30', 3, 3, 0, 0),
	(9, 'CF287A', '2025-04-30', 3, 3, 0, 0),
	(10, 'CE310A(BK)', '2025-04-30', 2, 2, 0, 0),
	(11, 'CE311A(C)', '2025-04-30', 3, 3, 0, 0),
	(12, 'CE312A(Y)', '2025-04-30', 3, 3, 0, 0),
	(13, 'CE313A(M)', '2025-04-30', 4, 4, 0, 0),
	(14, 'CLT-K404S', '2025-04-30', 2, 2, 0, 0),
	(15, 'CLT-Y404S', '2025-04-30', 3, 3, 0, 0),
	(16, 'CLT-C404S', '2025-04-30', 3, 3, 0, 0),
	(17, 'CLT-M404S', '2025-04-30', 2, 2, 0, 0),
	(18, 'CLT-K405S', '2025-04-30', 5, 5, 0, 0),
	(19, 'CLT-Y405S', '2025-04-30', 2, 2, 0, 0),
	(20, 'CLT-C405S', '2025-04-30', 4, 4, 0, 0),
	(21, 'CLT-M405S', '2025-04-30', 3, 3, 0, 0),
	(22, 'CF237A', '2025-04-30', 3, 3, 0, 0),
	(23, 'MLT-D105L', '2025-05-01', 3, 5, 2, 0),
	(24, 'MLT-D115L', '2025-05-01', 4, 6, 10, 8),
	(25, 'MLT-D201S', '2025-05-01', 1, 1, 2, 2),
	(26, 'MLT-D203L', '2025-05-01', 6, 9, 16, 13),
	(27, 'MLT-D203E', '2025-05-01', 4, 2, 1, 3),
	(28, 'MLT-D205L', '2025-05-01', 3, 2, 0, 1),
	(29, 'MLT-K250L', '2025-05-01', 13, 6, 19, 26),
	(30, 'MLT-D405L', '2025-05-01', 3, 5, 5, 3),
	(31, 'CF287A', '2025-05-01', 3, 1, 3, 5),
	(32, 'CE310A(BK)', '2025-05-01', 2, 2, 0, 0),
	(33, 'CE311A(C)', '2025-05-01', 3, 3, 0, 0),
	(34, 'CE312A(Y)', '2025-05-01', 3, 3, 0, 0),
	(35, 'CE313A(M)', '2025-05-01', 4, 4, 0, 0),
	(36, 'CLT-K404S', '2025-05-01', 2, 2, 0, 0),
	(37, 'CLT-Y404S', '2025-05-01', 3, 2, 0, 1),
	(38, 'CLT-C404S', '2025-05-01', 3, 2, 0, 1),
	(39, 'CLT-M404S', '2025-05-01', 2, 2, 1, 1),
	(40, 'CLT-K405S', '2025-05-01', 5, 5, 0, 0),
	(41, 'CLT-Y405S', '2025-05-01', 2, 2, 0, 0),
	(42, 'CLT-C405S', '2025-05-01', 4, 4, 0, 0),
	(43, 'CLT-M405S', '2025-05-01', 3, 3, 0, 0),
	(44, 'CF237A', '2025-05-01', 3, 3, 0, 0),
	(45, 'MLT-D105L', '2025-06-01', 5, 4, 0, 1),
	(46, 'MLT-D115L', '2025-06-01', 6, 8, 3, 1),
	(47, 'MLT-D201S', '2025-06-01', 1, 2, 1, 0),
	(48, 'MLT-D203L', '2025-06-01', 9, 11, 4, 2),
	(49, 'MLT-D203E', '2025-06-01', 2, 2, 0, 0),
	(50, 'MLT-D205L', '2025-06-01', 3, 3, 0, 0),
	(51, 'MLT-K250L', '2025-06-01', 6, 7, 10, 9),
	(52, 'MLT-D405L', '2025-06-01', 5, 3, 0, 2),
	(53, 'CF287A', '2025-06-01', 2, 3, 1, 0),
	(54, 'CE310A(BK)', '2025-06-01', 4, 4, 0, 0),
	(55, 'CE311A(C)', '2025-06-01', 2, 2, 0, 0),
	(56, 'CE312A(Y)', '2025-06-01', 3, 3, 0, 0),
	(57, 'CE313A(M)', '2025-06-01', 4, 4, 0, 0),
	(58, 'CLT-K404S', '2025-06-01', 2, 2, 0, 0),
	(59, 'CLT-Y404S', '2025-06-01', 2, 1, 0, 1),
	(60, 'CLT-C404S', '2025-06-01', 2, 2, 0, 0),
	(61, 'CLT-M404S', '2025-06-01', 2, 2, 0, 0),
	(62, 'CLT-K405S', '2025-06-01', 5, 5, 0, 0),
	(63, 'CLT-Y405S', '2025-06-01', 2, 2, 0, 0),
	(64, 'CLT-C405S', '2025-06-01', 4, 4, 0, 0),
	(65, 'CLT-M405S', '2025-06-01', 3, 3, 0, 0),
	(66, 'CF237A', '2025-06-01', 3, 3, 0, 0),
	(67, 'H6088-01LB', '2025-06-02', 1, 0, 0, 1),
	(68, 'H8940-01LC', '2025-06-02', 1, 1, 0, 0),
	(69, 'H8940-01LM', '2025-06-02', 2, 2, 0, 0),
	(70, 'H8940-01LY', '2025-06-02', 2, 2, 0, 0),
	(71, 'BT6000-BK', '2025-06-02', 2, 1, 0, 1),
	(72, 'BT5000-M', '2025-06-02', 4, 3, 0, 1),
	(73, 'BT5000-C', '2025-06-02', 4, 3, 0, 1),
	(74, 'BT6000-Y', '2025-06-02', 4, 3, 0, 1);

/*!40103 SET TIME_ZONE=IFNULL(@OLD_TIME_ZONE, 'system') */;
/*!40101 SET SQL_MODE=IFNULL(@OLD_SQL_MODE, '') */;
/*!40014 SET FOREIGN_KEY_CHECKS=IFNULL(@OLD_FOREIGN_KEY_CHECKS, 1) */;
/*!40101 SET CHARACTER_SET_CLIENT=@OLD_CHARACTER_SET_CLIENT */;
/*!40111 SET SQL_NOTES=IFNULL(@OLD_SQL_NOTES, 1) */;
